ID,Parity,maxDIM,Parity_class,Lac_len_group,a,b,b0,c,Tp,Mp,MY_tmax,t_max,Persistency,Model
1001_8,8,373,Multiparous,Group1,30.4462086436307,0.0154036588925036,0.012023237621562,0.00582274787804321,80.9127131917447,42.1693347213959,12.3145509549413,373,-0.102211856232049,Dijkstra
1001_8,8,373,Multiparous,Group1,11.2846019092007,0.417395564954785,,0.00619871039114079,67.3358712727291,43.0839612220013,13.2362691896588,373,-0.0976486582073689,Wood
1001_8,8,373,Multiparous,Group1,54.9165433708714,28.5107996988244,0.0262462100702759,0.119565146906455,69.8745899885652,42.0064572963804,10.3171464549747,373,-0.104541914979052,Wilmink
1002_1,1,400,Primiparous,Group2,33.5673428024415,0.0414825701748512,0.0575538836612369,0.00206145228689641,52.1574292509393,59.7982499959852,30.257173965595,400,-0.084926568840539,Dijkstra
1002_1,1,400,Primiparous,Group2,34.6768388046135,0.167644282480388,,0.00295887076873305,56.658196853988,57.6974990113998,28.990217978599,400,-0.0836113772624202,Wood
1002_1,1,400,Primiparous,Group2,64.3103329742282,41.683637551419,0.0765961576610642,0.0890894767911734,46.7257688732003,58.9844523300913,28.6745422577568,400,-0.0857971156731651,Wilmink
1024_1,1,393,Primiparous,Group1,15.7986740172416,0.274865409565242,6.59777060473205e-05,0.273287607182263,87.2538868783845,16.9233557380188,7.32697799941512,393,-0.0313867530174832,Dijkstra
1024_1,1,393,Primiparous,Group1,8.89795682924508,0.217480506911129,,0.00337292153351485,64.4783772021215,17.7154425374505,8.66637556853875,393,-0.0275448139207541,Wood
1024_1,1,393,Primiparous,Group1,46.8504574493723,30.9783341721433,0.00349561350968574,0.081867508331974,80.0130714528486,16.8799180166199,6.83438513107432,393,-0.0320956946418683,Wilmink
1025_4,4,426,Multiparous,Group2,21.9601366067519,0.0121669379259609,0.00645027348719686,0.00546730640168239,124.015858324591,31.4958144634046,12.4980758097328,426,-0.0629097228360149,Dijkstra
1025_4,4,426,Multiparous,Group2,9.15248977024279,0.358071568761593,,0.00401544021077191,89.1736770979735,31.9414811971161,14.4597801587994,426,-0.0519012317318253,Wood
1025_4,4,426,Multiparous,Group2,48.8326370081304,28.2120116458136,0.0114894453892082,0.0870499692104286,114.426266611628,31.2953178148839,11.5381091849994,426,-0.0634110212533782,Wilmink
1035_2,2,392,Multiparous,Group1,17.6117778922597,0.0659811876417742,0.0665323632516986,0.00352550436620039,44.0288908112941,38.5543984715117,11.9208127347303,392,-0.07653964663583,Dijkstra
1035_2,2,392,Multiparous,Group1,19.8388788754567,0.219649926728674,,0.00485158675471827,45.2738326311613,36.7985837335175,10.9946502073135,392,-0.07442165015124,Wood
1035_2,2,392,Multiparous,Group1,40.6818107555575,40.3760506134833,0.114578346498082,0.0794261334937286,35.4750117575948,37.1709640380898,9.54676642601586,392,-0.0774817993775289,Wilmink
1039_7,7,442,Multiparous,Group2,23.1028400359011,0.0178719645579932,0.0155159651594515,0.00600420900459084,70.3000118881718,32.5485692276527,5.13833039568406,442,-0.0737429101658245,Dijkstra
1039_7,7,442,Multiparous,Group2,9.02195650167615,0.420609051663054,,0.00699850230640653,60.0998661210732,33.1774372522149,5.30358640057626,442,-0.0729872769839757,Wood
1039_7,7,442,Multiparous,Group2,37.9835847455628,19.8482277537169,0.046055142176263,0.0814610225144995,52.4985783130468,31.9382253842081,1.97781276550817,442,-0.0769199056808052,Wilmink
1048_1,1,445,Primiparous,Group2,22.3874956425118,0.0445880081519743,0.0650379174742997,0.00175605760620834,49.7308919616265,39.6361338666989,20.3407521775071,445,-0.0488158100311714,Dijkstra
1048_1,1,445,Primiparous,Group2,23.8496495292376,0.151170255879501,,0.00253340902505969,59.6706865666663,38.0427447647937,19.4189609224036,445,-0.0483321231817266,Wood
1048_1,1,445,Primiparous,Group2,41.9623712463814,22.5561839287502,0.0762034821841735,0.0510092961253027,46.1581075553663,38.9384959239511,19.2632344706217,445,-0.0493309800851992,Wilmink
1063_1,1,509,Primiparous,Group2,13.8318305670915,0.307399473804388,9.65053312298136e-05,0.304006020616926,115.025909228078,16.8067222279725,1.77444854900873,509,-0.0381554879649846,Dijkstra
1063_1,1,509,Primiparous,Group2,3.34660353418028,0.493524764383071,,0.00596288951483753,82.7660420598147,18.0624530983994,3.48581765167879,509,-0.0341986722905973,Wood
1063_1,1,509,Primiparous,Group2,26.3234560000212,13.2640981924785,0.0111598556476394,0.0512807007045856,94.9895392944464,16.8572215626418,0.176318159387513,509,-0.0402910191564406,Wilmink
1077_3,3,438,Multiparous,Group2,39.6334522445785,0.017078397756208,0.0185648699984063,0.00309933937512553,91.9276780251782,63.2909842927128,25.5803167679912,438,-0.108967591830315,Dijkstra
1077_3,3,438,Multiparous,Group2,19.1574826505541,0.348280365187823,,0.00421156863543058,82.6961152331347,62.9367936800097,25.1873967181905,438,-0.106245381996284,Wood
1077_3,3,438,Multiparous,Group2,77.3751356307131,42.8440524778632,0.0269518434900938,0.123596851425209,82.9105981522074,62.5418063977816,23.239394754804,438,-0.11068314469105,Wilmink
1104_6,6,370,Multiparous,Group1,23.2957392231992,0.293588083928216,7.35538224286098e-05,0.292301527212003,59.7088333749005,24.2072400421937,8.6665399952775,370,-0.0500842489844154,Dijkstra
1104_6,6,370,Multiparous,Group1,15.1809146640473,0.183843565156786,,0.00389541068500293,47.1949121730787,25.6560947677592,10.6535859709849,370,-0.0464754409472574,Wood
1104_6,6,370,Multiparous,Group1,42.0654777216824,18.7559030940642,0.00667972740769977,0.0876457028792145,53.4876811539099,24.2563626703146,8.05247879098997,370,-0.0511951128423664,Wilmink
1112_1,1,365,Primiparous,Group1,28.7703280611826,0.0127826623876693,0.0047856375359298,0.00659456042617024,138.298108761788,42.1142563159067,23.51670932178,365,-0.0820352529595128,Dijkstra
1112_1,1,365,Primiparous,Group1,11.8757661997528,0.347445201267018,,0.0033963807967892,102.298659088957,41.8878212425389,26.7012906333551,365,-0.057809109601486,Wood
1112_1,1,365,Primiparous,Group1,89.4800975201986,61.8213166014845,0.00671971047299592,0.168221847753047,134.531045059182,41.8149449034985,22.7586942394559,365,-0.0826846751178965,Wilmink
1117_1,1,421,Primiparous,Group2,23.9288079871009,0.0256246720881547,0.0323470870081406,0.00256669914064181,71.1326787456386,40.6637433747578,17.9336788741998,421,-0.0649676695127313,Dijkstra
1117_1,1,421,Primiparous,Group2,17.0295203978327,0.261031359284305,,0.00373410017962402,69.9047552898241,39.7477028511725,17.1193400021502,421,-0.06445078134767,Wood
1117_1,1,421,Primiparous,Group2,46.2260203378295,25.2321164554482,0.0420935295543833,0.0705667946334561,64.4149352167674,40.0040362850033,16.5173992893852,421,-0.0658654534785287,Wilmink
1135_6,6,359,Multiparous,Group1,34.3802943428614,0.0279053395215175,0.0458736410154525,0.00237142399970359,53.7416995506415,52.8075043136726,26.9626103039223,359,-0.0846656551900638,Dijkstra
1135_6,6,359,Multiparous,Group1,29.30097943066,0.187589165148977,,0.00341500148053497,54.9309176637869,51.4972442544946,25.9269494430808,359,-0.0840937020461041,Wood
1135_6,6,359,Multiparous,Group1,58.1197167828269,28.86010413186,0.0614774451312735,0.0905355462248708,48.398042035013,52.2653108151857,25.6174556805952,359,-0.0857942277929697,Wilmink
1138_5,5,578,Multiparous,Group2,30.7033112990183,0.039349349434801,0.0420029474289595,0.00394895669897152,54.7349213681879,57.456723083217,7.99404640740647,578,-0.0945269973015231,Dijkstra
1138_5,5,578,Multiparous,Group2,26.1733747402904,0.256601448781935,,0.00511240348555782,50.1919399567768,55.3100783409382,6.97023762305678,578,-0.0915860222254332,Wood
1138_5,5,578,Multiparous,Group2,-839.905603364531,-902.697439486472,0.000515842143437972,-0.30607577122036,813.42764950586,2.41651129980136,6.97467935857421,578,-0.0193612265523613,Wilmink
1141_4,4,315,Multiparous,Group1,14.4323057165948,0.0167575493380018,0.0194061498103993,0.00436347283206656,69.3378447143636,20.1979842485785,8.64154002934107,315,-0.0470420208021074,Dijkstra
1141_4,4,315,Multiparous,Group1,7.89335253765874,0.308677750946059,,0.00529620891850664,58.2827746593305,20.3323435870482,8.7881685095798,315,-0.0449684475287899,Wood
1141_4,4,315,Multiparous,Group1,25.3205173701776,11.9299073418288,0.0300311258358159,0.0548042667158752,62.5189611766276,20.0692960571889,8.05624375467425,315,-0.0475800177252859,Wilmink
1152_5,5,419,Multiparous,Group2,14.7254338600821,0.0191598377822384,0.0219098808436091,0.00400240213571245,71.4710227045222,22.0944984461486,6.59929922678561,419,-0.0445867833524242,Dijkstra
1152_5,5,419,Multiparous,Group2,7.53204815885988,0.339393999879213,,0.00528568869422617,64.2099865340067,22.0295495128071,6.38327063081283,419,-0.0441001107363299,Wood
1152_5,5,419,Multiparous,Group2,25.8362386519401,14.3432037199518,0.0429611815004702,0.0488841885621118,58.9862541810933,21.8148746678379,5.35376342612905,419,-0.0457235631496946,Wilmink
1181_3,3,357,Multiparous,Group1,27.2643415567453,0.0340233082065777,0.0397630058267635,0.0036380322937756,56.2231858959875,47.7126872929171,17.5044281270345,357,-0.100434135044187,Dijkstra
1181_3,3,357,Multiparous,Group1,19.4475285163688,0.289291128460721,,0.00523066397729612,55.3067697937392,46.4940282963127,16.4569811077111,357,-0.0995615551865912,Wood
1181_3,3,357,Multiparous,Group1,53.8333593996867,32.6521974382814,0.0590459664321118,0.108154952270822,48.7867947788712,46.7251182236353,15.2220414161346,357,-0.102211963257378,Wilmink
1183_4,4,357,Multiparous,Group1,31.8361340820904,0.0119908391646074,0.0106892070549031,0.00430992088844693,95.7249121889164,43.2329431255881,20.4715368301847,357,-0.0871166343722027,Dijkstra
1183_4,4,357,Multiparous,Group1,13.8938256999277,0.342115105452292,,0.0043930918153767,77.8757011758373,43.7844933062534,21.6276581591492,357,-0.0793798148009397,Wood
1183_4,4,357,Multiparous,Group1,59.518987236295,29.7973221971118,0.0171204948005333,0.111598432441768,88.7700861798416,43.093973139583,19.6123136863025,357,-0.0875430302267642,Wilmink
1206_3,3,371,Multiparous,Group1,8.84120484355479,0.0255065535303481,0.0332882688881384,0.00237429197597137,71.3235089109864,14.9541318860171,7.88364233407303,371,-0.0235937411248049,Dijkstra
1206_3,3,371,Multiparous,Group1,6.25905193977373,0.259824153538371,,0.00362226534629607,71.7297405625054,14.6495353074091,7.59386341642292,371,-0.0235762548014223,Wood
1206_3,3,371,Multiparous,Group1,17.2331737348966,9.16201985559225,0.0382822840658947,0.0262112201812444,67.7563104653565,14.7725153956222,7.50880482715772,371,-0.0239533774952131,Wilmink
1215_8,8,356,Multiparous,Group1,23.9819738307799,0.236588823547387,7.2001320526402e-05,0.236596960262765,-0.477646907610653,23.9820204337925,8.19984017801643,356,-0.0442725662960472,Dijkstra
1215_8,8,356,Multiparous,Group1,16.0463242689755,0.157658973244689,,0.00407994095458848,38.6424644374764,24.3848535442547,9.48068312163038,356,-0.0469633418226743,Wood
1215_8,8,356,Multiparous,Group1,32.2787098048609,8.06656821726657,0.00796081760047398,0.0676116625154724,-6.47177777642326,24.2232223605599,7.73485127243486,356,-0.0454887031185507,Wilmink
1300_2,2,396,Multiparous,Group1,19.7561008256844,0.0704828863696329,0.0708959492722671,0.00305215681580481,44.2835094616761,44.6754703504664,15.94239513195,396,-0.0816938528373766,Dijkstra
1300_2,2,396,Multiparous,Group1,21.3444911898026,0.232371738477828,,0.00447833222002877,51.8880080934093,42.3546544549655,14.5455592693552,396,-0.0808140833207553,Wood
1300_2,2,396,Multiparous,Group1,47.4244303940275,31.7972380616216,0.0855413170120578,0.0857104159298271,40.417948832719,42.9582143786979,13.4831056858159,396,-0.082892566135223,Wilmink
1313_5,5,365,Multiparous,Group1,19.6115258600158,0.00895492765190367,0.00935114977309334,0.00530069378461793,56.075055408367,21.534576381152,7.15242647866688,365,-0.0465554826642336,Dijkstra
1313_5,5,365,Multiparous,Group1,12.098611881058,0.216378598476609,,0.00470241494934893,46.0143566246886,22.3140317658503,7.79373954869372,365,-0.0455202060616639,Wood
1313_5,5,365,Multiparous,Group1,26.2396140997098,7.57043586629739,0.0284011833819903,0.0541018439290424,48.582947021449,21.706271952526,6.49220281353057,365,-0.0480823299369607,Wilmink
1316_3,3,443,Multiparous,Group2,22.0109273603495,0.0155548021507184,0.0168324784568944,0.00572680444757533,59.3621269952779,28.0911571544421,4.38471911635331,443,-0.0617937896809186,Dijkstra
1316_3,3,443,Multiparous,Group2,11.524678281643,0.317107102307743,,0.00647426867519742,48.9796019004531,28.828814588435,4.52086751282618,443,-0.061692103233365,Wood
1316_3,3,443,Multiparous,Group2,31.8332634592676,13.7588468983898,0.0596573773321618,0.0688743308513447,41.5374661891384,27.8179001355258,1.32193489207609,443,-0.0659986001481588,Wilmink
1346_2,2,347,Multiparous,Group1,32.2045928579218,0.0316871941480809,0.0589567677949182,0.00196108901990968,47.1941185362733,48.6065819984951,27.9125414278965,347,-0.0690247985448622,Dijkstra
1346_2,2,347,Multiparous,Group1,30.9417166978571,0.144668595891463,,0.00283407662394293,51.046113104095,47.2937983202915,26.9745638588157,347,-0.0686567582355241,Wood
1346_2,2,347,Multiparous,Group1,52.3304477330399,23.1270649746319,0.0716405043705633,0.0730240920551702,43.5769514146102,48.1289674965012,26.9910877895261,347,-0.0696647133615049,Wilmink
1369_1,1,357,Primiparous,Group1,24.0284815514222,0.0224542930112756,0.00121296838718182,0.0188900655639147,142.498082263432,30.7495591292625,18.9468912121499,357,-0.055023600915343,Dijkstra
1369_1,1,357,Primiparous,Group1,12.4060148622934,0.255051824560415,,0.00264868453703172,96.2937718684468,30.8166223932481,21.5791653107892,357,-0.0354324373017955,Wood
1369_1,1,357,Primiparous,Group1,115.526824324623,91.9356047664117,0.00328353154685772,0.19166932680655,138.337725881113,30.6388047703419,18.6303986248574,357,-0.0549175946965387,Wilmink
1375_2,2,425,Multiparous,Group2,23.6084839442646,0.0430195267626307,0.0571607568020416,0.00314628550498325,45.755719788171,41.0671607310429,13.1581424664726,425,-0.0735911382736781,Dijkstra
1375_2,2,425,Multiparous,Group2,22.4537405232784,0.198462658400399,,0.0042541953307683,46.6510451377315,39.4733629380863,12.237902595328,425,-0.0719850286164343,Wood
1375_2,2,425,Multiparous,Group2,43.4181909265318,25.1091713130103,0.0900207259652446,0.0769953232094334,37.5416703650166,39.6723512590212,10.6951785625226,425,-0.0747878429244183,Wilmink
1376_7,7,385,Multiparous,Group1,24.8601648982246,0.0349493085258511,0.0518069454618625,0.00226538452376645,52.8144276260572,41.4505407056796,20.4033744015994,385,-0.0633596641590061,Dijkstra
1376_7,7,385,Multiparous,Group1,23.3076854343879,0.180501730612228,,0.00325149734115736,55.5134178728804,40.1767769962824,19.5217143298283,385,-0.0626886306966064,Wood
1376_7,7,385,Multiparous,Group1,45.0465134296358,26.7526342230464,0.071339293230706,0.0670970300025361,46.9298234477958,40.9571276691965,19.2141568786279,385,-0.0643149626870771,Wilmink
1389_5,5,383,Multiparous,Group1,24.4692090343828,0.0115475367771175,0.00172296823927384,0.0106412085016369,47.4402765327862,24.9936288632727,10.5866606228419,383,-0.0429341402822989,Dijkstra
1389_5,5,383,Multiparous,Group1,15.7118566657372,0.1719295733662,,0.00340579192771407,50.48152588746,25.9643995220993,11.8537045468718,383,-0.0424358225896696,Wood
1389_5,5,383,Multiparous,Group1,33.8836206577448,9.70706715297329,0.0104965251482213,0.0610343791689325,48.8219816790012,25.0890789859639,10.3332122719895,383,-0.0441557071530673,Wilmink
1404_1,1,339,Primiparous,Group1,10.0837700931113,0.0342958962533092,0.0493887734066986,0.00111052450253885,69.4528946381751,18.2783889024561,13.8580471909124,339,-0.0163991436881138,Dijkstra
1404_1,1,339,Primiparous,Group1,8.97416838885323,0.198833393724904,,0.00223869042055587,88.8168332249945,17.9501424146231,13.381024109352,339,-0.0182630924540983,Wood
1404_1,1,339,Primiparous,Group1,19.843548627665,10.5039085995964,0.04695572710396,0.0180358459816476,70.4619350986851,18.1886047985801,13.7293955568025,339,-0.0166055015083851,Wilmink
1407_1,1,347,Primiparous,Group1,39.2339827289301,0.0480826392815559,0.0996098262068392,0.00107238413592522,38.1793342371035,60.3731408620804,43.8219915862136,347,-0.0535946946263443,Dijkstra
1407_1,1,347,Primiparous,Group1,44.6565574793443,0.0909699032684675,,0.00165878705574029,54.8412184394996,58.6926769542858,42.7562148597929,347,-0.0545472636809746,Wood
1407_1,1,347,Primiparous,Group1,62.6664239744185,24.7409631774733,0.0997058050721105,0.0556234370333015,38.0326858031159,59.9930396583539,43.3650913238629,347,-0.0538178233439123,Wilmink
1414_2,2,355,Multiparous,Group1,10.965131238184,0.0369612327330568,0.00133289185157552,0.0337140029664353,68.9900909285013,12.2437696592436,2.41076444856917,355,-0.0343799459347275,Dijkstra
1414_2,2,355,Multiparous,Group1,4.0089867353078,0.389635084136615,,0.00690803880184585,56.4031406471695,13.0673479651414,3.40133451571225,355,-0.032371450491405,Wood
1414_2,2,355,Multiparous,Group1,17.6089108056697,7.43678414711715,0.0178697711724783,0.0443953991538521,61.3557492756731,12.4006123953244,1.83547272706536,355,-0.0359793854032498,Wilmink
1416_3,3,352,Multiparous,Group1,21.6030162899089,0.259710369418663,6.30377408481605e-05,0.259107527040423,36.8653512853921,21.8443136350621,9.75952071937622,352,-0.038348029850028,Dijkstra
1416_3,3,352,Multiparous,Group1,14.5166389695829,0.156495186403386,,0.00337882457339726,46.3164579882398,22.6245860864357,11.0627024492969,352,-0.0378230491607363,Wood
1416_3,3,352,Multiparous,Group1,63.8474586574297,41.9397593034454,0.00275652541423502,0.110050656005555,17.8719542924684,21.9569520309166,9.21569670644406,352,-0.0381328520253135,Wilmink
1422_1,1,504,Primiparous,Group2,25.9526930934165,0.272472705186963,0.000120337581588564,0.268465275196835,123.12751951655,33.1943138849095,3.30197873928912,504,-0.0784838408584348,Dijkstra
1422_1,1,504,Primiparous,Group2,6.64317528575202,0.490099049788977,,0.00589830596547959,83.091493160465,35.5059589490309,7.174424608477,504,-0.0673104341684282,Wood
1422_1,1,504,Primiparous,Group2,52.4614171299797,28.7851336428244,0.0118211462090963,0.103296365884181,100.8486676173,33.3058463793148,0.325626348263121,504,-0.0818060549028386,Wilmink
1428_3,3,362,Multiparous,Group1,19.8129033826274,0.0265454493307316,0.0444245785965571,0.0033936785887469,46.3019331982004,28.5126348549663,10.5419380246824,362,-0.0569236834812998,Dijkstra
1428_3,3,362,Multiparous,Group1,16.4338825114129,0.192475880909599,,0.00448830955001904,42.8838249155036,27.9464145435166,10.0600945469919,362,-0.0560495562213001,Wood
1428_3,3,362,Multiparous,Group1,31.1289655701275,17.7315804420453,0.0869209807362156,0.0607081417525944,37.2093002931076,28.1716290002538,9.15261825568789,362,-0.0585577443003436,Wilmink
1429_2,2,333,Multiparous,Group1,22.1821400731734,0.0187052298968261,0.0340696470420445,0.00274782786779482,56.2962223443625,30.3552974623487,15.3833146358412,333,-0.0541083426954163,Dijkstra
1429_2,2,333,Multiparous,Group1,16.9341092232496,0.194379979071825,,0.00375396117047155,51.7799652806232,30.0291424653668,15.0029587405153,333,-0.0534321238522205,Wood
1429_2,2,333,Multiparous,Group1,34.3842615262941,13.8267927362955,0.0479372601423263,0.0593102198665984,50.3516397890326,30.1606479382561,14.6339566962398,333,-0.0549328898650866,Wilmink
1450_6,6,405,Multiparous,Group2,18.3130108402016,0.012081516883532,0.00622245969267798,0.00635184964737749,103.324205003254,23.8579191445667,8.33535179314124,405,-0.0514544673747951,Dijkstra
1450_6,6,405,Multiparous,Group2,7.25526508336142,0.364902678609537,,0.00471980065375666,77.3131548085823,24.6153937299193,9.59308601066099,405,-0.0458434872797016,Wood
1450_6,6,405,Multiparous,Group2,34.479625845042,17.5478099585658,0.0147770165729537,0.0662394267429689,92.3546597083941,23.8795080066261,7.6084903597354,405,-0.0520430518226007,Wilmink
1456_1,1,384,Primiparous,Group1,28.9513310288893,0.067515215073667,0.0791435093706447,0.00122526070182603,50.6573359418438,62.8744282868422,42.4441619170612,384,-0.0612890834946249,Dijkstra
1456_1,1,384,Primiparous,Group1,36.4149682010492,0.154836286083799,,0.00210204400997587,73.6598688462173,60.6946616321142,40.8199281517308,384,-0.0640417770221759,Wood
1456_1,1,384,Primiparous,Group1,66.3586454667538,43.7028838373706,0.079156882029468,0.0640501309939941,50.3958676437982,62.32162924861,41.7633951650573,384,-0.061624638574926,Wilmink
1459_1,1,440,Primiparous,Group2,26.2185955206956,0.122294527515112,0.000267490781380373,0.117663128199449,144.328710087541,36.544853928935,9.56738257816352,440,-0.091241430166449,Dijkstra
1459_1,1,440,Primiparous,Group2,7.29845581269714,0.461447610984318,,0.00482751294049445,95.5870272482492,37.7291654187581,14.4729987138038,440,-0.0675240729730497,Wood
1459_1,1,440,Primiparous,Group2,82.3281870497003,57.9904356516789,0.00648953683727422,0.16166937342647,130.196643177532,36.367064246176,7.85729775870453,440,-0.0920253633785153,Wilmink
1495_1,1,410,Primiparous,Group2,18.6529712302205,0.0479376660518435,0.0731142920853794,0.00123041310399163,50.0935107033172,33.2214232371902,21.6973451941504,410,-0.0320196450626932,Dijkstra
1495_1,1,410,Primiparous,Group2,23.1854464481511,0.106324774503184,,0.0017843797607007,59.5864046683829,32.1944732542439,21.1490634895097,410,-0.0315210651409838,Wood
1495_1,1,410,Primiparous,Group2,34.9323712231526,21.3331076563219,0.0845850595838601,0.0332244764529781,47.2273831712068,32.9704724674665,21.3103358774315,410,-0.0321417219743953,Wilmink
1509_1,1,349,Primiparous,Group1,18.1314978804289,0.346389622805064,0.000139291953424079,0.341794602455495,95.8723000356739,22.5882074416872,5.00255476045021,349,-0.0694734423917865,Dijkstra
1509_1,1,349,Primiparous,Group1,4.62828672346997,0.503329912937815,,0.00711908465071602,70.7014929071242,23.8616010498357,7.34969678944154,349,-0.059331630747425,Wood
1509_1,1,349,Primiparous,Group1,42.9709989401545,25.7903367864936,0.00996510430468477,0.11001458556539,85.1447531635668,22.5638508617454,3.77964221602541,349,-0.0711913402175569,Wilmink
1512_1,1,388,Primiparous,Group1,18.1985108445676,0.0373491406044176,0.0525113054401704,0.00111745761792565,66.8285381910208,33.6711175432955,24.0233254109806,388,-0.0300393816996514,Dijkstra
1512_1,1,388,Primiparous,Group1,17.1775527092572,0.186010407202667,,0.00209501474453057,88.7871589869629,32.8542383096778,23.0933977758499,388,-0.0326217300727499,Wood
1512_1,1,388,Primiparous,Group1,36.2506681442851,19.546189161895,0.0507931015117402,0.0322994922273901,67.4400514333194,33.4364855973245,23.7184651060935,388,-0.0303157663166694,Wilmink
1514_3,3,454,Multiparous,Group2,6.63681447620346,0.523225602944481,8.17354254494885e-05,0.519899171791783,78.0303256283184,7.55549716665974,0.386532516384356,454,-0.0190679332375839,Dijkstra
1514_3,3,454,Multiparous,Group2,2.2490885172308,0.422140204129066,,0.00731933247306271,57.6746862753764,8.16687777593,1.07276871223741,454,-0.01789971222636,Wood
1514_3,3,454,Multiparous,Group2,10.220346786144,3.69276432598538,0.018700658194674,0.0237394036785271,57.0994751684696,7.59539714884556,-0.558101320950495,454,-0.0205429269040572,Wilmink
1517_1,1,325,Primiparous,Group1,26.6832231450453,0.0197863577107803,0.0334583964070512,0.00148464673188056,77.4040635794301,41.1044496305109,29.7516798939493,325,-0.0458520034726164,Dijkstra
1517_1,1,325,Primiparous,Group1,20.2428075201881,0.204438932301196,,0.00251486656696615,81.2921587914797,40.5482722214102,29.1631800643696,325,-0.0467161503732633,Wood
1517_1,1,325,Primiparous,Group1,46.4890397693104,20.9718525749644,0.0340031244916447,0.0525392625412206,76.7009765500116,40.9140965900612,29.4134465986244,325,-0.0463177415345462,Wilmink
1523_1,1,358,Primiparous,Group1,2.77029586049833,0.0643018994459316,0.0860347141138048,0.000853506353197208,50.235437041595,5.54863631206429,4.30937837986437,358,-0.00402664270469441,Dijkstra
1523_1,1,358,Primiparous,Group1,3.29468972963255,0.144723371542779,,0.00172615222780341,83.8416040090188,5.41167261553586,4.15952157741888,358,-0.00456725402696831,Wood
1523_1,1,358,Primiparous,Group1,5.79373868029745,3.13635850943611,0.0767427357943127,0.00423127954236725,52.6566673639403,5.51579770435273,4.27894060412631,358,-0.00405070937540542,Wilmink
1525_4,4,460,Multiparous,Group2,9.22544026402458,0.127590224714524,7.59395244559961e-05,0.127924404295635,-34.4450254916263,9.27871284461454,2.87187213240723,460,-0.0129576401458119,Dijkstra
1525_4,4,460,Multiparous,Group2,6.64010902079988,0.126817381721571,,0.00319057113445282,39.7475487545649,9.33081270532548,3.33013135925686,460,-0.0142787539448857,Wood
1525_4,4,460,Multiparous,Group2,10.6711894643167,1.4682051032253,0.0116572703252015,0.017232055797696,-0.583384798118576,9.20301846704838,2.73755806454129,460,-0.014037545894846,Wilmink
1528_3,3,398,Multiparous,Group1,51.1699825162737,0.059368958063768,0.000329996993898477,0.0578774255278134,77.1039658706321,54.1853607475482,20.964911249824,398,-0.103524026365285,Dijkstra
1528_3,3,398,Multiparous,Group1,27.4526053903039,0.231820285496298,,0.00370903109710949,62.5015750547251,56.7844275764387,25.1296321562334,398,-0.0943515470314611,Wood
1528_3,3,398,Multiparous,Group1,86.9637023477585,36.8258955972875,0.0079976635412825,0.163940622239115,73.2521965103451,54.4561271353553,20.1886001168981,398,-0.105520427390816,Wilmink
1529_3,3,421,Multiparous,Group2,27.1838944169651,0.0121299563367623,0.011539491560654,0.0054261278953947,69.7129794940836,33.2914212220988,7.85563832533446,421,-0.0724074087910571,Dijkstra
1529_3,3,421,Multiparous,Group2,16.0690386998617,0.261469611632548,,0.00516949011610825,50.5793812851682,34.512178956504,8.8507648568783,421,-0.0692764193004632,Wood
1529_3,3,421,Multiparous,Group2,40.3163482890779,14.582728429477,0.0310713340143379,0.0818474817125645,55.0753941036429,33.1743861357556,5.85852809191312,421,-0.0746488692033444,Wilmink
1530_1,1,330,Primiparous,Group1,34.2446596192448,0.0626018169764139,0.000248942125889345,0.0613570060654469,80.6811617874017,36.0021596352992,22.6129813278083,330,-0.0537030350513418,Dijkstra
1530_1,1,330,Primiparous,Group1,22.4454710171888,0.159283182282342,,0.00253880072443158,62.7395371166851,37.0059038875007,24.4586161031079,330,-0.0469477888686848,Wood
1530_1,1,330,Primiparous,Group1,77.77670135856,43.7969615780181,0.00440064203359756,0.13654742154519,78.3165102061837,36.0538065756477,22.4652848235383,330,-0.0539905170706325,Wilmink
1560_1,1,401,Primiparous,Group2,15.5157286988232,0.0413615923534675,0.0491086470303035,0.000707316688425952,82.8495541214565,33.4849780209203,27.1253006990633,401,-0.0199895282381118,Dijkstra
1560_1,1,401,Primiparous,Group2,15.2599889552885,0.203564212068193,,0.00169995905384468,119.746538369737,32.9767133195883,26.1462756187977,401,-0.0242857018050495,Wood
1560_1,1,401,Primiparous,Group2,35.6535634983979,22.6342522698327,0.0457147261367883,0.0215887838180776,84.6491107331319,33.3538420501392,26.9964609399195,401,-0.0200959798942015,Wilmink
1581_2,2,390,Multiparous,Group1,38.6659152475336,0.0528740958751301,0.0795986155736097,0.00218640159518484,40.0215057730529,66.9701192844706,32.0251277061595,390,-0.0998489683073231,Dijkstra
1581_2,2,390,Multiparous,Group1,48.069952483279,0.111261355595831,,0.00282701933469274,39.3564183415545,64.7168088589667,30.9979578578992,390,-0.0961627497688301,Wood
1581_2,2,390,Multiparous,Group1,70.21151678028,48.2800191691285,0.116271430368733,0.102991098168822,34.3876616669834,65.7841121026712,30.0449884944395,390,-0.100500235103664,Wilmink
1603_3,3,357,Multiparous,Group1,30.0329897159988,0.0138787092347562,0.00459680576473483,0.00855194554635002,105.333393355648,38.8725273741956,16.1741362963763,357,-0.0901923039392193,Dijkstra
1603_3,3,357,Multiparous,Group1,11.3176322386105,0.374284976710012,,0.00475615787533739,78.6948176491012,39.8868584492741,18.6969745759987,357,-0.0761390201011719,Wood
1603_3,3,357,Multiparous,Group1,64.6107846054058,36.0650343224925,0.0108000315226574,0.13595009781082,97.4612877547411,38.7729777240795,15.3134395837838,357,-0.0903893601742419,Wilmink
1607_2,2,404,Multiparous,Group2,21.9355625672332,0.029179271335403,0.00103355637802603,0.0269877412649951,75.5409548929579,23.8028972108202,6.18365066505877,404,-0.0536421414122406,Dijkstra
1607_2,2,404,Multiparous,Group2,9.2668026551929,0.319772411279499,,0.00510150212687573,62.6820107738216,25.2773327551872,8.04071857581173,404,-0.0505001632596441,Wood
1607_2,2,404,Multiparous,Group2,34.2859203878434,13.4690401644118,0.0134967653621207,0.0711258346691079,69.5272631429355,24.0708927495107,5.49337171944762,404,-0.0555427064239381,Wilmink
1642_1,1,374,Primiparous,Group1,18.3746745548636,0.0259933173623667,0.0312294862248378,0.00271864863642101,72.2940022836719,31.8077500846545,15.2796859783497,374,-0.0547820203489787,Dijkstra
1642_1,1,374,Primiparous,Group1,11.8480440157426,0.295304267254235,,0.00410563463094875,71.9265823188933,31.1705895264858,14.674531751516,374,-0.0546094320433862,Wood
1642_1,1,374,Primiparous,Group1,37.0534360241995,21.0033973848116,0.0380925825899012,0.0606568088000118,67.7158574476194,31.3536559771492,14.3677758853242,374,-0.0554579154842143,Wilmink
1665_5,5,484,Multiparous,Group2,19.3063069176773,0.0430146881107786,0.034230460765416,0.00296242518402288,78.1623539300329,49.3510159376332,16.1713013007817,484,-0.0817561282403339,Dijkstra
1665_5,5,484,Multiparous,Group2,12.2982396766548,0.392905971802526,,0.00467195948470739,84.0987540856496,47.366071962741,14.5443968591496,484,-0.0820744507273204,Wood
1665_5,5,484,Multiparous,Group2,55.8208453114425,47.3011185787141,0.0456445746204092,0.0880224268223528,70.103119392271,47.721767304877,13.2179907173886,484,-0.0833632196909195,Wilmink
1669_2,2,344,Multiparous,Group1,30.784573612501,0.0545566191275426,0.0764454397317358,0.00296864629714267,38.0811857318333,53.9899554151599,22.6343076647601,344,-0.102496630765944,Dijkstra
1669_2,2,344,Multiparous,Group1,34.6776839700583,0.153235851813959,,0.00398035084129682,38.4980766579949,52.0531121541354,21.5818217975582,344,-0.0997417300134805,Wood
1669_2,2,344,Multiparous,Group1,57.1680321116926,43.5571535910192,0.126023457079333,0.106637160791689,31.2728284745331,52.9870173293148,20.4848487993518,344,-0.10393138649072,Wilmink
1670_2,2,326,Multiparous,Group1,23.3902311275397,0.0224581357672988,0.0326376272348073,0.00245195794399338,67.8592858902953,36.5583376697393,20.9276102025812,326,-0.0605511901563706,Dijkstra
1670_2,2,326,Multiparous,Group1,17.2434008862539,0.23238234448292,,0.00359361546792873,64.6653339949193,36.013775192761,20.5053053697119,326,-0.0593433319051042,Wood
1670_2,2,326,Multiparous,Group1,42.5628270027387,20.3850247022157,0.0366884991405677,0.0685503245194135,65.1347369070409,36.2293778735538,20.2152909066863,326,-0.0613883457574837,Wilmink
1687_1,1,406,Primiparous,Group2,22.7286588647986,0.0414844837031021,0.0511601744473163,0.00169750622619905,62.4735794369655,44.4903214934383,25.6697603727975,406,-0.0547863570138046,Dijkstra
1687_1,1,406,Primiparous,Group2,21.9616041733659,0.202724979163046,,0.00272817204047225,74.3079894360161,42.9464583523229,24.5152564123927,406,-0.0555672170354398,Wood
1687_1,1,406,Primiparous,Group2,48.4639015303367,30.3710750783796,0.0561863341032222,0.0582811652134379,60.1015410436639,43.9238300461814,24.8017484499183,406,-0.0552823555616852,Wilmink
1703_1,1,499,Primiparous,Group2,28.2206684698471,0.032896534329179,0.0463165817929879,0.000945151578705577,76.6416073654661,52.3244782472762,35.8261447797904,499,-0.0390624023464398,Dijkstra
1703_1,1,499,Primiparous,Group2,27.6494802012687,0.168194399319095,,0.00165290704964427,101.756719686865,50.851286070218,34.457678513846,499,-0.0412684326427105,Wood
1703_1,1,499,Primiparous,Group2,55.9433465742415,31.3793689972877,0.0474123484358674,0.0414010964763947,75.5441588891471,51.9425221955502,35.2841994308541,499,-0.0393389844877242,Wilmink
1705_3,3,378,Multiparous,Group1,37.9129889805063,0.0222863211225652,0.0204406779738811,0.00549957462665483,68.456747903907,59.1486007993293,14.1012924164341,378,-0.145528316569185,Dijkstra
1705_3,3,378,Multiparous,Group1,17.5230360513759,0.39895579486636,,0.00683598321185815,58.3611431599634,59.5594083278874,14.1155233455175,378,-0.142172592630415,Wood
1705_3,3,378,Multiparous,Group1,71.1638511883692,40.3553933637452,0.0418350498059481,0.162372147354227,55.9714558695327,58.1943990477181,9.78717401678536,378,-0.150319671697553,Wilmink
1719_5,5,431,Multiparous,Group2,21.0859411529895,0.122877483818599,0.000568466777567143,0.117474355661195,79.1035363107287,26.0679925649508,0.542494337683923,431,-0.0725369557842622,Dijkstra
1719_5,5,431,Multiparous,Group2,3.908530736059,0.633126693183688,,0.0102357002785377,61.8547511117762,28.2628664555711,2.20822641919174,431,-0.0705809978994707,Wood
1719_5,5,431,Multiparous,Group2,33.6422713658367,17.1275987730675,0.0340822318106808,0.0867149932478996,55.948229044425,26.2464336535642,-3.73189787148747,431,-0.0799311824302855,Wilmink
1722_3,3,408,Multiparous,Group2,20.3188100649223,0.0107083580806718,0.0028420215560282,0.00789889747074331,107.07215639043,23.4375188800572,10.750492630908,408,-0.0421596954837108,Dijkstra
1722_3,3,408,Multiparous,Group2,9.94892899009365,0.264756943677776,,0.00338516631984495,78.2109115660535,24.2130516245456,12.2784018583234,408,-0.0361887345117927,Wood
1722_3,3,408,Multiparous,Group2,37.791446497498,18.0068760762773,0.0084344241017182,0.0657042541557732,99.3442401385385,23.4740965761403,10.4074444029379,408,-0.042334062319353,Wilmink
1738_3,3,414,Multiparous,Group2,33.9221622794103,0.0327506354904792,0.0425192941169424,0.00343977160717348,52.9998753993154,56.3237065301836,17.6415444648234,414,-0.10715276652092,Dijkstra
1738_3,3,414,Multiparous,Group2,27.0423248615069,0.239541704458229,,0.00468198121888522,51.1624659005496,54.6232495427149,16.4859616170474,414,-0.105108442047824,Wood
1738_3,3,414,Multiparous,Group2,61.1809219649007,32.7774708784577,0.0685367661127814,0.113321824998243,43.5806960050368,54.5888322038048,14.2656864156126,414,-0.10885811120886,Wilmink
1767_5,5,328,Multiparous,Group1,27.9404804481723,0.0452004313536668,0.0706094824565672,0.0017834407225516,45.7808502324565,47.623106219598,29.5255134240955,328,-0.0641260269206004,Dijkstra
1767_5,5,328,Multiparous,Group1,29.1250040816337,0.152993103844897,,0.00276909153875935,55.2502875775075,46.1728948393586,28.4920801697919,328,-0.0648243201157949,Wood
1767_5,5,328,Multiparous,Group1,51.030264009831,26.6960207593328,0.0783381454072432,0.0677728927543521,43.7767176187675,47.1982565023027,28.8007551862184,328,-0.064729043876875,Wilmink
1776_4,4,322,Multiparous,Group1,22.130665100403,0.474260665893391,3.55935448305913e-05,0.472951087748039,77.6861090955542,23.2849861228132,14.1096238237051,322,-0.0375556308531665,Dijkstra
1776_4,4,322,Multiparous,Group1,16.9347969889413,0.120192221235779,,0.00240557235831078,49.964084771983,24.0296058260869,15.6243778317103,322,-0.0308974937641285,Wood
1776_4,4,322,Multiparous,Group1,253.102639573991,230.811583960161,0.00126641879341563,0.266598393588659,72.6863906710661,23.2109533101645,13.7404099665365,322,-0.0379864676024684,Wilmink
1789_2,2,347,Multiparous,Group1,37.2190811780225,0.0360294988563117,0.0509285673919095,0.00220765643291181,54.8298655023295,64.063809481233,35.100536456354,347,-0.0991315319571442,Dijkstra
1789_2,2,347,Multiparous,Group1,33.5676692896758,0.200161242741012,,0.00336881117523897,59.4159875187463,62.2384771210583,33.6291758667008,347,-0.0994815428281934,Wood
1789_2,2,347,Multiparous,Group1,70.5127497279656,39.2899186278594,0.0605796736670854,0.10607627316732,51.3500453111911,63.3147074197848,33.704282909737,347,-0.100153658204395,Wilmink
1797_2,2,418,Multiparous,Group2,17.5618943951372,0.0401920114444843,0.0474022886786791,0.00200092511345329,63.2893201758042,34.6318747197025,17.7651123753993,418,-0.0475507598267489,Dijkstra
1797_2,2,418,Multiparous,Group2,16.1025827351744,0.223142636988011,,0.00311259834785846,71.6901482459305,33.4208925526487,16.8556651403044,418,-0.0478335436558933,Wood
1797_2,2,418,Multiparous,Group2,37.9871441498266,25.9556070136763,0.0578662391788745,0.0505403598689134,58.6136166433084,34.1513911035408,16.8612737238089,418,-0.0481101070614892,Wilmink
1807_2,2,392,Multiparous,Group1,19.171020058446,0.0277746272035065,0.0439475930590273,0.00231970944967096,56.4918531365416,30.0110551272246,14.5278560955494,392,-0.0461485039228463,Dijkstra
1807_2,2,392,Multiparous,Group1,16.3799721173008,0.189518685497428,,0.00330031400023645,57.4244406695393,29.2003426067219,13.9294037382288,392,-0.045642720882101,Wood
1807_2,2,392,Multiparous,Group1,32.9419518644098,16.4364505427366,0.0585828174284901,0.049206996770129,50.7641524360142,29.6040442467487,13.6528091287716,392,-0.0467454847779031,Wilmink
1836_1,1,361,Primiparous,Group1,30.5140438027659,0.0397817488725065,0.0386886592470433,0.00316926836373137,65.3914486607421,63.8974992661902,27.1759871023944,361,-0.124223443460714,Dijkstra
1836_1,1,361,Primiparous,Group1,20.5909722646491,0.341549438947307,,0.00498714054152508,68.4860264320645,61.9858612320277,25.4276704118608,361,-0.124979297140061,Wood
1836_1,1,361,Primiparous,Group1,73.5016221500421,54.0713137670406,0.049943708429797,0.135077399576711,59.9745691749368,62.6958203979937,24.7386801034258,361,-0.126092802825773,Wilmink
1854_3,3,404,Multiparous,Group2,21.3722992248395,0.0642976132581137,0.000260046606326438,0.0630681031711814,74.2457928370189,22.3671140428345,9.40138454294709,404,-0.0393193755174109,Dijkstra
1854_3,3,404,Multiparous,Group2,13.1941181320559,0.188223588233309,,0.00322816284431016,58.3067203580096,23.4955597384185,11.0806593529087,404,-0.035913051009748,Wood
1854_3,3,404,Multiparous,Group2,35.4348015967751,14.4461071749573,0.00755679161631378,0.0633412827860863,72.032474056495,22.4901384826749,9.16278230804701,404,-0.0401465659532491,Wilmink
1856_7,7,361,Multiparous,Group1,13.2539005002713,0.0171772450293422,0.00172219403271748,0.0149162219781545,81.9513932525175,14.5088715997932,6.15508123955387,361,-0.0299366854312905,Dijkstra
1856_7,7,361,Multiparous,Group1,7.57485442714376,0.225321554109701,,0.00380681888859187,59.1889345681603,15.1649985181111,7.22439611946433,361,-0.0263098451585435,Wood
1856_7,7,361,Multiparous,Group1,23.0641741708727,10.1594837980315,0.00947035644311818,0.0465124093391342,76.7505467322856,14.5829529276724,5.94045345700312,361,-0.0304046300575627,Wilmink
1876_4,4,380,Multiparous,Group1,21.6756346506747,0.0625829067771665,0.00065759782295013,0.057840306254385,119.839681186047,28.6924086479097,8.49783020881129,380,-0.0776235919880619,Dijkstra
1876_4,4,380,Multiparous,Group1,6.37075169108249,0.451441452676036,,0.00543729555870003,83.0268371109052,29.8226980420834,11.7892098620784,380,-0.0607243025078989,Wood
1876_4,4,380,Multiparous,Group1,60.3859307080961,40.0989689581624,0.00779702102435102,0.133991885964087,108.671390618162,28.6398359120272,7.39707970535611,380,-0.0782916193580469,Wilmink
1877_5,5,412,Multiparous,Group2,5.50996571301293,0.0961890078829028,0.071547459002407,0.00533340839088297,40.4252592829486,15.812784845333,2.3480908303844,412,-0.0362368388899765,Dijkstra
1877_5,5,412,Multiparous,Group2,6.09639451578844,0.321879332151486,,0.00748595775583285,42.997748938763,14.827060622969,1.93774691204609,412,-0.034930176371157,Wood
1877_5,5,412,Multiparous,Group2,15.760218168239,15.9817683252078,0.129911788627939,0.0367534915156811,31.052386224655,14.3360234200123,0.617779663778386,412,-0.0360108404940001,Wilmink
1898_4,4,355,Multiparous,Group1,28.0358702794062,0.0211730717457109,0.0672694075763396,0.00188415920712003,35.9635766592004,34.8992345276913,19.6751936238817,355,-0.0477188176333932,Dijkstra
1898_4,4,355,Multiparous,Group1,28.5542618512462,0.0749462062998181,,0.00234465676319199,31.964681345421,34.3472167422216,19.2892125043054,355,-0.0466141111152545,Wood
1898_4,4,355,Multiparous,Group1,36.7094411367435,12.968623816741,0.111577480136898,0.0499858376951536,30.163007830506,34.75372575073,18.964468754964,355,-0.048606708522678,Wilmink
1917_1,1,408,Primiparous,Group2,25.8616089590526,0.043605047855197,0.000376944582221671,0.0421791704498391,88.1997348340369,27.5304364447075,12.6035235457415,408,-0.0466757364670086,Dijkstra
1917_1,1,408,Primiparous,Group2,13.9655274063061,0.221430458225842,,0.00316487561133296,69.9649798029759,28.6684423506621,14.5326865971582,408,-0.0418174298783151,Wood
1917_1,1,408,Primiparous,Group2,48.3242665293831,22.8293663939461,0.00609037113529031,0.08360286147753,83.5218362806448,27.6145467030792,12.3117848291483,408,-0.0471611454481925,Wilmink
1925_2,2,351,Multiparous,Group1,27.3656824969274,0.022536099082147,0.0207059297780609,0.00531527846375857,69.764219244936,43.3869613914575,12.5692877310386,351,-0.109579490837472,Dijkstra
1925_2,2,351,Multiparous,Group1,13.5178904220076,0.38109286191442,,0.00651851530010828,58.4631383634383,43.5259802180659,12.8009443967028,351,-0.10502962139361,Wood
1925_2,2,351,Multiparous,Group1,53.6034762928136,29.5860352682432,0.0354892587171498,0.124078916876925,60.1763698503775,42.6406188814656,10.0516613365615,351,-0.112057460833351,Wilmink
1950_3,3,412,Multiparous,Group2,12.7557393106983,0.0895382984836967,0.0806139153190697,0.00154861863095009,50.3300590968513,35.1468210652001,20.4637633462899,412,-0.0405979487326046,Dijkstra
1950_3,3,412,Multiparous,Group2,19.9576951380706,0.162081528178411,,0.00241267250107505,67.1792496106244,33.5645119172081,19.599232070427,412,-0.0405001144247013,Wood
1950_3,3,412,Multiparous,Group2,37.189763840437,33.5834196848978,0.087045944141605,0.042234530761011,48.6780911749737,34.6486693547839,19.7891371669005,412,-0.0408990810269021,Wilmink
1966_2,2,373,Multiparous,Group1,35.719910647192,0.0176480488151252,0.0124474986642734,0.00703155186055116,73.9279291051353,49.8382231688159,10.5601283588087,373,-0.131333209057207,Dijkstra
1966_2,2,373,Multiparous,Group1,12.6559438960444,0.449493333513267,,0.00736663968724275,61.017418062632,51.2426591816005,11.61248018964,373,-0.127026896007664,Wood
1966_2,2,373,Multiparous,Group1,63.1858835577866,33.722731934739,0.0332441099190568,0.150038471526299,60.4966720734565,49.5958206153015,7.22139479577512,373,-0.135596718603543,Wilmink
1970_3,3,411,Multiparous,Group2,24.1236159930331,0.0584873770811956,0.000586044714688029,0.0552101103478832,98.3966890783827,28.3004541349043,6.38688254198279,411,-0.070100254307339,Dijkstra
1970_3,3,411,Multiparous,Group2,9.77357194835562,0.350026524511591,,0.00521242702173923,67.1523117833116,30.0302209145765,9.43137372758275,411,-0.0599068945143311,Wood
1970_3,3,411,Multiparous,Group2,46.3475976611542,23.3185332472789,0.010619565972809,0.0994105105903103,85.9440736824715,28.4427824584583,5.19328442347749,411,-0.071524609006112,Wilmink
1971_3,3,482,Multiparous,Group2,17.5636507245086,0.0291561621201461,0.0366935977177411,0.00271212090152554,64.7234254029491,30.2944799054001,10.518899845496,482,-0.0473920206975451,Dijkstra
1971_3,3,482,Multiparous,Group2,13.8070126297542,0.239306732363047,,0.00376574887400777,63.548245082089,29.3538418636486,9.86022794057194,482,-0.046585093010067,Wood
1971_3,3,482,Multiparous,Group2,33.151680362472,17.9177521924032,0.0533031017820453,0.0502923329726722,55.2300663625827,29.43051540748,8.91077586951949,482,-0.0480815022817282,Wilmink
1975_1,1,427,Primiparous,Group2,26.1304683887721,0.0552198229002692,0.075856309586662,0.00132124573256206,49.2081277262483,49.8301968938511,30.7805503361514,427,-0.0504236537515982,Dijkstra
1975_1,1,427,Primiparous,Group2,34.5796736320882,0.108508162263081,,0.00187798074625324,57.7791665221095,48.1795741513437,29.921544297818,427,-0.0494501615240492,Wood
1975_1,1,427,Primiparous,Group2,52.31712423475,39.4949611303747,0.0953820701424314,0.0521669947736048,44.8681151181584,49.4295628717129,30.0418174664207,427,-0.0507357437898359,Wilmink
1978_2,2,316,Multiparous,Group1,26.9897419618623,0.0312863231438115,0.00288069123585099,0.0236500867863289,97.1344147417637,38.4382959125526,10.0980165270526,316,-0.129487143225655,Dijkstra
1978_2,2,316,Multiparous,Group1,8.13447606554035,0.491857131709568,,0.00722807984030238,68.0481044173125,39.646274520387,14.0558820599382,316,-0.103207085391751,Wood
1978_2,2,316,Multiparous,Group1,71.0754439378228,46.4489280837968,0.0123783805628422,0.195800513031065,87.0233776075772,38.2182793721489,8.2730807115179,316,-0.130778410248845,Wilmink
