ID,n,R2_adj,RMSPE,RMSE,MAE,RMSPE_adj,MAE_adj,DW,CCC,Cb,r,mean_bias,slope_bias,random_error,mean_bias_perc_MSPE,slope_bias_perc_MSPE,random_error_perc_MSPE,Model,Parity,maxDIM,Parity_class,Lac_len_group
1001_8,327,0.980761337928678,1.37562364258423,4.62061161711961,1.08370736336603,1.38411522719339,1.09712788798976,1.96117235954713,0.99037802669771,0.999954252630643,0.99042333595988,3.52135586760355e-08,3.20460841975088e-07,1.89234005036229,1.86084694718254e-06,1.69346297818721e-05,99.9999812045233,Dijkstra,8,373,Multiparous,Group1
1063_1,449,0.926363704499248,1.48392598105507,13.6958006185434,1.18613919784553,1.49058039103043,1.19680112321942,1.82902166904125,0.961731802070399,0.998912741407698,0.962778591366347,0.000582676874355098,0.00200074323074394,2.19945289714517,0.0264608203684261,0.0908587753558177,99.8826804042759,Dijkstra,1,509,Primiparous,Group2
1141_4,276,0.890263722955836,1.31444901486224,8.55702595299241,1.03897140384078,1.32407880671359,1.05425039507374,2.13975069525175,0.94267746050402,0.998416366701446,0.94417268380568,1.09592201966986e-06,1.81792112143859e-05,1.72775693753908,6.34296277279349e-05,0.00105217394944155,99.9988843964227,Dijkstra,4,315,Multiparous,Group1
1313_5,327,0.932850461661122,1.29964553778659,8.3827090531589,1.04313773115611,1.30766811729482,1.05605584547383,2.09352091952048,0.965604574691203,0.999423264556659,0.96616179444206,4.80812783987355e-07,4.87195029569851e-06,1.68907317112552,2.84659817283348e-05,0.000288438354214718,99.9996830956641,Dijkstra,5,365,Multiparous,Group1
1404_1,298,0.559942916449397,1.30061832745564,7.99629647558712,1.00876001974651,1.30943617981257,1.02248464586551,1.95413397492848,0.721519099504572,0.960415071672834,0.751257576838984,2.95479388280738e-10,3.56739557801869e-08,1.69160799774407,1.74673672855577e-08,2.10887836125214e-06,99.9999978736543,Dijkstra,1,339,Primiparous,Group1
1450_6,359,0.92622362603275,1.41147297038364,7.78973573526535,1.10083658201048,1.41940265620652,1.11324037448384,2.059421139103,0.961971450860273,0.9992144769165,0.962727695688361,5.33273326240541e-06,6.96168317432974e-05,1.99218099655861,0.000267673100576331,0.00349437188925211,99.9962379550103,Dijkstra,6,405,Multiparous,Group2
1517_1,289,0.878202903112947,1.35487784146807,3.75477960446355,1.07395368041136,1.36435262712026,1.08902671452239,2.12681901025899,0.93577814328601,0.997841253604995,0.937802621313998,3.29874359583443e-07,3.21667664568041e-05,1.83566146866036,1.79700083902233e-05,0.00175229461254598,99.998229735379,Dijkstra,1,325,Primiparous,Group1
1581_2,341,0.986867957738671,1.24960101639568,2.53896748890122,0.989095776053361,1.2569951697822,1.00083578526468,1.87282303690713,0.993456626899401,0.999985269207642,0.993471261518268,7.38960987347649e-06,0.000150817575603312,1.56134449299161,0.000473237085830097,0.00965848958097892,99.9898682733309,Dijkstra,2,390,Multiparous,Group1
1687_1,358,0.951283535331967,1.31084610166422,3.70179588059888,1.03260918514674,1.31823120856049,1.04427708554388,1.81004913737802,0.975261783151756,0.999706972887327,0.975547645061462,2.71832225881367e-07,1.00577956303734e-05,1.71830717262041,1.58196739267159e-05,0.000585328125751709,99.9993988521995,Dijkstra,1,406,Primiparous,Group2
1776_4,288,0.786262072914149,1.45901508182256,7.06196517843484,1.16136942272948,1.46925390976706,1.17772673854258,1.94323282338334,0.881436634348644,0.992634021399946,0.88797745729642,9.24428007363403e-06,6.8227791441624e-05,2.12864753691418,0.000434263704076966,0.00320510122977948,99.9963606350661,Dijkstra,4,322,Multiparous,Group1
1876_4,336,0.955258595712468,1.32499071934316,5.96217352675497,1.05637096731456,1.33294869311243,1.06909832836654,2.21784515148672,0.97731905408123,0.999734774842213,0.977578332448702,3.69029697554303e-07,4.82042126631651e-06,1.75559521689454,2.10201419537424e-05,0.000274573943415222,99.9997044059148,Dijkstra,4,380,Multiparous,Group1
1970_3,365,0.963631157359862,1.39158909180473,6.74118950653664,1.10715787808778,1.39927748783767,1.11942555540732,2.0130052940048,0.981644156575892,0.999841273789189,0.981799993968708,1.90678137409545e-06,1.5681176159968e-05,1.93650261247238,9.84643162344573e-05,0.000809760525941672,99.9990917751579,Dijkstra,3,411,Multiparous,Group2
1002_1,351,0.977519940694828,1.40069382347574,3.09552028016143,1.08552649501248,1.4087438542606,1.0980397687302,2.18434644588845,0.98872684725588,0.99993250740171,0.988793583504003,4.39538506576932e-07,1.04638875686707e-05,1.96193228369702,2.24032229608775e-05,0.000533343046697211,99.9994442537304,Dijkstra,1,400,Primiparous,Group2
1077_3,385,0.986917375249421,1.40415291191358,3.00574711935348,1.10895198217564,1.41150454808853,1.12059452267092,1.97208009183462,0.993468671978884,0.999979928274474,0.993488613009637,3.99743985371871e-07,5.81643993515504e-06,1.97163918385151,2.02746389064027e-05,0.000295004362095267,99.9996847210015,Dijkstra,3,438,Multiparous,Group2
1152_5,368,0.931794061003402,1.39249125225849,9.39613115306049,1.09369359474126,1.40012139842854,1.10571220567248,2.13474647278169,0.965032250517029,0.999428236107748,0.965584336775721,4.70241491050083e-06,3.85416731681544e-05,1.93898864352835,0.00024251354196559,0.0019876760879643,99.9977698103702,Dijkstra,5,419,Multiparous,Group2
1316_3,395,0.969864402640981,1.42842650091836,8.83466548442509,1.11971130985743,1.43571443853654,1.1311661570171,1.9646973128141,0.984786869594316,0.999848131270327,0.984936450641884,8.16566150419578e-05,0.000324313664261216,2.03999629824656,0.00400198609370066,0.0158945943779765,99.9801034195282,Dijkstra,3,443,Multiparous,Group2
1407_1,311,0.92597631740988,1.42748818204625,2.729518746375,1.11869475970876,1.43675768322415,1.13327058719682,1.78692293877223,0.961969860123013,0.99929461288343,0.962648900255033,5.95887028480416e-08,6.32075667488951e-06,2.03771612953634,2.92427956010068e-06,0.000310187311777619,99.9996868884088,Dijkstra,1,347,Primiparous,Group1
1456_1,339,0.959914699866595,1.31026930501027,2.47532478614659,1.05791477821957,1.31806859594337,1.07054659646697,2.12005461535683,0.979740057628843,0.999802097593211,0.979933988923745,8.58876270670104e-08,5.79504676177099e-06,1.71679977071772,5.00275770786053e-06,0.000337548210899374,99.9996574490321,Dijkstra,1,384,Primiparous,Group1
1523_1,321,0.0648667747204672,1.51911240559553,30.8160936755585,1.21833795201202,1.52866666585385,1.23371130156422,1.90234955547703,0.137956579597283,0.50838723230461,0.271361220013141,6.17105126580358e-08,8.06690769828166e-06,2.30769437221603,2.67411040356057e-06,0.000349564456222821,99.9996477614334,Dijkstra,1,358,Primiparous,Group1
1603_3,314,0.965320327696409,1.3286044488963,4.26903473711466,1.05288538351513,1.33714861700957,1.06647100136694,2.30426936818767,0.982529597084635,0.999850685891995,0.982676324523488,9.53656494900108e-08,1.86049156310172e-06,1.76518782576983,5.4025720340455e-06,0.000105398953838654,99.9998891984749,Dijkstra,3,357,Multiparous,Group1
1703_1,441,0.942985715284497,1.2714220946971,2.85269482963209,1.01082472357587,1.27722770523155,1.02007712379167,1.83281554044855,0.970866829680013,0.999580103428119,0.971274664582026,9.55528088654443e-09,7.04558930951844e-07,1.61651342876975,5.91104069742142e-07,4.35850768181258e-05,99.9999558238191,Dijkstra,1,499,Primiparous,Group2
1789_2,304,0.97617375549163,1.41072654755804,2.78680112249993,1.09026863558397,1.42010024900058,1.10480555072509,2.05410647275073,0.988075327068881,0.999939711266626,0.988134900470433,2.42871600075717e-06,7.54066061531475e-05,1.99007155666291,0.000122036868716408,0.00378899224635265,99.9960889708863,Dijkstra,2,347,Multiparous,Group1
1877_5,365,0.904950753334035,1.38552103633413,17.5809929349482,1.10116354444588,1.3931759069436,1.11336480255608,1.95765623991522,0.950685206549052,0.998926471621181,0.951706890904756,5.57500944362914e-05,0.00018617802218559,1.91942661400779,0.00290415210818609,0.00969844627341527,99.9873974016185,Dijkstra,5,412,Multiparous,Group2
1971_3,431,0.950322893172893,1.42512561353558,7.02870401289367,1.12673150450188,1.43178511528901,1.13728636637075,1.99838158157023,0.974736654671604,0.999705921509177,0.975023388078087,4.05146108298075e-06,4.24576869008377e-05,2.03093650520718,0.00019948276545617,0.0020904993592139,99.9977100178753,Dijkstra,3,482,Multiparous,Group2
1024_1,346,0.826565707004863,1.39101743712524,10.0396543042991,1.10765341830832,1.39912839471362,1.12060842904876,1.92507865954082,0.905539932065067,0.995101781176749,0.909997297959038,2.04804239498948e-05,0.000218687290977904,1.93469034267154,0.0010584584006786,0.0113020805049495,99.9876394610943,Dijkstra,1,393,Primiparous,Group1
1104_6,330,0.924585332235124,1.44839621721884,7.76350146572776,1.15622238086612,1.45725499227435,1.17040915854546,1.98694284146879,0.961078941391357,0.999130087993497,0.961915723428411,3.32981997034007e-05,0.000215293063467562,2.09760301079068,0.00158725239053138,0.0102625497083199,99.9881501979009,Dijkstra,6,370,Multiparous,Group1
1181_3,316,0.979256133503907,1.40485455112031,4.25647586137221,1.09758774404427,1.41383134885532,1.11165938178843,2.02891807881852,0.989618241571414,0.999944115596271,0.98967354888758,2.99474686580432e-07,3.4688924061129e-06,1.97361254143636,1.5173906148468e-05,0.000175763262032343,99.9998090628318,Dijkstra,3,357,Multiparous,Group1
1346_2,308,0.946385045861127,1.53107634191988,3.9432101502965,1.21926176943553,1.54111629436083,1.23530468745442,1.93939515752024,0.972730721919865,0.99962824092081,0.973092477883409,2.24798850921826e-11,8.10597534177939e-10,2.34419476395368,9.58959785674107e-10,3.45789328751308e-08,99.9999999644623,Dijkstra,2,347,Multiparous,Group1
1414_2,313,0.83565117344477,1.46382886489673,17.2053166165553,1.14296887616534,1.47327302004888,1.15776458977266,2.14178393430617,0.911287213064721,0.995937240337197,0.91500465707677,3.593711405365e-06,2.36815058589223e-05,2.14276767048759,0.000167711400130397,0.00110516901798704,99.9987271195819,Dijkstra,2,355,Multiparous,Group1
1459_1,393,0.967833567715441,1.48562028915833,5.33009834591256,1.16638102422598,1.4932389047055,1.17837465943653,1.98511224890433,0.983770171754682,0.999857194843671,0.98391067927305,2.65901309069487e-06,3.09028318191793e-05,2.20703408171398,0.000120477190558928,0.00140017601677802,99.9984793467929,Dijkstra,1,440,Primiparous,Group2
1525_4,411,0.685329927605705,1.34567889476497,21.0889127060039,1.09027776041063,1.35227539946595,1.1009930209552,2.21372259479691,0.814861763743224,0.9826655744682,0.829236095081698,2.65345676302521e-07,3.71395215286598e-07,1.81085105107497,1.46530871682023e-05,2.05094220462942e-05,99.9999648374908,Dijkstra,4,460,Multiparous,Group2
1607_2,358,0.949120135591827,1.34751594518323,7.77507044305581,1.07843510667832,1.35510764438192,1.09062081409842,2.12027372576178,0.974112128135154,0.999655887072119,0.974447448099585,4.8359694178761e-07,4.25382780371114e-06,1.81579448509832,2.6632732065809e-05,0.000234267519830768,99.9997390997484,Dijkstra,2,404,Multiparous,Group2
1705_3,334,0.991661380000973,1.37942333419622,3.65928991386591,1.11170749459981,1.38775829423828,1.1251827369586,1.94686974337804,0.995846164707428,0.999985597143437,0.99586050794348,5.24331267167891e-05,0.000327179534424954,1.9024291222639,0.00275556474775461,0.0171945570997102,99.9800498781543,Dijkstra,3,378,Multiparous,Group1
1797_2,367,0.937934287991456,1.36650294725081,5.16275832799388,1.09740157691877,1.37401126171614,1.10949415627876,1.9858445772223,0.968250687144086,0.999502416716522,0.968732712347908,5.28962025499511e-08,1.30117122007389e-06,1.86732895077772,2.83271804740178e-06,6.96808281158266e-05,99.9999274864537,Dijkstra,2,418,Multiparous,Group2
1898_4,312,0.930295148170133,1.31572052675249,4.74823590284269,1.04806542895371,1.32423660612147,1.06167666829077,2.0601014671403,0.964226312181616,0.999336165623112,0.964866823948473,3.29366645845274e-07,1.08478415351347e-05,1.73110932730968,1.90262113461019e-05,0.000626636996490082,99.9993543367922,Dijkstra,4,355,Multiparous,Group1
1975_1,376,0.944558656705563,1.4171751884831,3.50613542027754,1.15041460744107,1.42477403753106,1.16278465698345,2.11108774042956,0.971715568587487,0.999591916624449,0.972112271444633,6.10308561301188e-08,2.89109648079767e-06,2.00838256272476,3.03880184749357e-06,0.000143951271278242,99.9998530099267,Dijkstra,1,427,Primiparous,Group2
1025_4,376,0.952220854336898,1.32136614109387,5.37658032438319,1.07990424761849,1.32845126502552,1.0915161212488,2.02703998835746,0.975692418234486,0.999669559463115,0.976014933132998,4.15940691997699e-06,7.18078285071099e-05,1.74593251159388,0.000238223752657023,0.00411268498279325,99.9956490912645,Dijkstra,4,426,Multiparous,Group2
1112_1,323,0.939914020389103,1.34118438168326,3.73679408659141,1.06812206985134,1.34956686567475,1.08151545003756,2.22709251335231,0.969325313167087,0.999530835379475,0.969780299773422,1.41954797387269e-09,6.43374280029503e-08,1.79877547991412,7.89174601182975e-08,3.57673463805883e-06,99.9999963443474,Dijkstra,1,365,Primiparous,Group1
1183_4,311,0.965931838673589,1.34079588947461,3.8501301194552,1.04773652457796,1.34950244777269,1.06138781480047,2.03447273670667,0.982836354304158,0.999847691011172,0.982986071918804,1.88743675485385e-07,4.4485414191819e-06,1.79772897994694,1.04989790298295e-05,0.000247452758102803,99.9997420482641,Dijkstra,4,357,Multiparous,Group1
1369_1,316,0.861651703574973,1.30144225484198,4.78702951293281,1.03791699700452,1.30975826440766,1.05122362517125,1.97834834104802,0.926531686992416,0.997383652367093,0.928962174979985,2.49648044068509e-07,1.72544533384162e-05,1.69373443858679,1.47393510098232e-05,0.00101871194379453,99.9989665487052,Dijkstra,1,357,Primiparous,Group1
1416_3,308,0.882987198352757,1.3823940254069,7.84081120283124,1.09644375970035,1.39145900139127,1.11087065127535,1.87103883402397,0.938322136824859,0.997909999088619,0.940287338218696,1.63294336409585e-05,0.000142537535990553,1.91085437451105,0.000854490868326282,0.00745874140987701,99.9916867677218,Dijkstra,3,352,Multiparous,Group1
1495_1,361,0.867159609983781,1.3791775079633,4.98642269345826,1.10840629211908,1.38688247019343,1.12082541023806,2.14520489046963,0.929557473840831,0.997583954393251,0.931808766317022,2.24850604931254e-07,1.36909906790294e-05,1.90211668263058,1.18209866931269e-05,0.000719771328531726,99.9992684076847,Dijkstra,1,410,Primiparous,Group2
1528_3,351,0.983508001590436,1.37763974160139,3.182872383482,1.07195407464327,1.3855572765719,1.08431089394752,1.87949244043719,0.991759163622627,0.999967885638061,0.99179101435823,3.64132249770538e-07,5.97178241871394e-06,1.89788492172489,1.9186149275139e-05,0.00031465356061238,99.9996661602903,Dijkstra,3,398,Multiparous,Group1
1642_1,331,0.932343928218665,1.4223068633461,5.84814992240736,1.12325524193356,1.43097954654023,1.13699536721715,2.00087273054983,0.965348172682301,0.999430283835327,0.965898460648765,1.17139723271942e-06,2.45637892449238e-05,2.02293107833493,5.79052021718811e-05,0.00121425178633275,99.9987278430115,Dijkstra,1,374,Primiparous,Group1
1719_5,377,0.980296054693918,1.34828062817097,9.7668703149737,1.0808212067048,1.35549073641544,1.09241178264801,2.02226870260099,0.990110720911777,0.999928719369987,0.990181301658786,0.000172168338110135,0.000361947119608979,1.81732653684336,0.00947093155309782,0.0199106086129768,99.9706184598329,Dijkstra,5,431,Multiparous,Group2
1807_2,345,0.932425183128643,1.3098296466049,5.79374664300765,1.03225561105139,1.31748953439856,1.04436418126901,1.91172180234326,0.965363107993668,0.999416341784032,0.96592687915271,2.71945535058684e-07,5.81040628757547e-06,1.71564762077328,1.58508406774239e-05,0.000338670110232133,99.9996454790486,Dijkstra,2,392,Multiparous,Group1
1917_1,358,0.918117995015841,1.3999269829375,6.12800367999254,1.11126172416489,1.40781395792475,1.12381835381647,2.11859002295111,0.957697720699558,0.999117353394707,0.958543776109566,9.01654612559032e-08,2.12145677439218e-06,1.95979334593426,4.60075852852341e-06,0.000108248881686274,99.9998871503598,Dijkstra,1,408,Primiparous,Group2
1978_2,281,0.972420548095177,1.4906778139911,5.26386986689607,1.18427611197599,1.5014022530822,1.20137757207672,2.06641899617177,0.986151186777947,0.999884968696686,0.986264638084678,1.3832045712185e-05,0.00014043253498881,2.22196608054457,0.000622470594021999,0.0063197538016733,99.9930577756041,Dijkstra,2,316,Multiparous,Group1
1035_2,345,0.974610199653198,1.35914011354681,5.57290001207703,1.05786145633879,1.36708836910251,1.07027038837796,2.11354982398441,0.987265613985614,0.999928731325454,0.987335980112248,5.64633378045627e-06,4.68534555588952e-05,1.8472093484627,0.000305659632704431,0.00253637325987271,99.9971579671076,Dijkstra,2,392,Multiparous,Group1
1117_1,376,0.960915602260938,1.46615057050964,4.88885323031667,1.15191803154596,1.47401202402465,1.16430424693893,1.9307234500541,0.980242053414442,0.999815775243438,0.980422671542435,1.04773797587987e-06,1.7660278564897e-05,2.14957878738919,4.87411237740631e-05,0.000821562111169265,99.999129696765,Dijkstra,1,421,Primiparous,Group2
1206_3,330,0.732768006891464,1.33825461131227,11.363398315491,1.05778223366155,1.34643973112111,1.07076115677396,1.90987484210199,0.847495233866058,0.988400551905922,0.857441077134005,1.00334410556316e-07,2.79421742434794e-06,1.79092251014673,5.60237798252709e-06,0.000156020871501247,99.9998383767504,Dijkstra,3,371,Multiparous,Group1
1375_2,380,0.975789957357171,1.40347144326162,5.32547794630942,1.128342619821,1.41091696735662,1.14034626471271,2.20154537358244,0.987847356397713,0.999928662867376,0.987917831623089,4.10845074296149e-07,3.56334472057472e-06,1.96972811786105,2.08579164625573e-05,0.00018090504464821,99.9997982370386,Dijkstra,2,425,Multiparous,Group2
1422_1,448,0.981447654268962,1.40327933335013,6.43684280194979,1.11929010012985,1.40958623853623,1.12937379472561,1.87423875373641,0.99067261008805,0.999922668232406,0.990749226476975,0.000311577413134926,0.000956110874665634,1.96792519911979,0.0158225948878534,0.0485534393699918,99.9356239657424,Dijkstra,1,504,Primiparous,Group2
1509_1,307,0.951214951892334,1.30195853844397,7.95983302100759,1.03992216172854,1.31052414752672,1.05365050709789,2.17635529901951,0.975118717821934,0.999542991108207,0.975564559500144,0.000185009958438555,0.000972023237152628,1.69393900263158,0.0109144234030536,0.0573432546952009,99.9317423219018,Dijkstra,1,349,Primiparous,Group1
1529_3,376,0.976928299007836,1.31781458549892,6.06700057739407,1.08597133125088,1.32488066610052,1.0976484423396,1.84855755289427,0.988443734415259,0.999951267851737,0.988491905749367,3.48995800063571e-05,0.000221198349983646,1.73637918382368,0.00200960906259572,0.0127371793207077,99.9852532116151,Dijkstra,3,421,Multiparous,Group2
1665_5,428,0.980532976095693,1.48991127777484,4.55771893121212,1.17336257141537,1.49692266369082,1.18443202963627,2.10324055995354,0.990230728430744,0.999941890038528,0.990288274044195,1.22258679410106e-05,0.000116271875041991,2.21970711789767,0.000550755553918898,0.00523785969658094,99.9942113847497,Dijkstra,5,484,Multiparous,Group2
1722_3,358,0.887391389269069,1.3879927637758,7.13994143795188,1.09809374483143,1.3958125031935,1.11050158375608,1.95113369498444,0.940897587412817,0.998282014089055,0.942516818027017,1.832063463047e-07,4.51220087117092e-06,1.92651921688675,9.50968452224144e-06,0.000234214630941077,99.9997562756845,Dijkstra,3,408,Multiparous,Group2
1836_1,317,0.985444065567761,1.41256673890892,3.04076820802152,1.12024806716529,1.42156407024988,1.13456433639424,1.9724392069806,0.99274238527798,0.999977133521869,0.992765086319115,2.15606312010362e-06,3.40751421631538e-05,1.99530856066651,0.000108054664481374,0.00170773203217619,99.9981842133036,Dijkstra,1,361,Primiparous,Group1
1925_2,315,0.977778288890881,1.52326490848125,5.1606007721794,1.22108040108583,1.53302952711633,1.23678561524771,2.08718683431341,0.988879898907446,0.999944991412959,0.988934298785898,5.01624684537399e-06,4.23281662138598e-05,2.3202886369973,0.000216186228441147,0.00182422573941775,99.9979595880309,Dijkstra,2,351,Multiparous,Group1
1039_7,391,0.979673865186987,1.34555000258204,7.08639028308381,1.08045321001865,1.35248587329153,1.0916206850576,2.00996821095974,0.989830589547328,0.999964481399916,0.989865748192975,7.03039241175217e-05,0.000286897714295317,1.81014760781013,0.00388311170180962,0.0158462829150233,99.9802706053837,Dijkstra,7,442,Multiparous,Group2
1135_6,315,0.970712380603716,1.41968947546971,3.4932203691919,1.13230662313883,1.42879014222243,1.14687005237534,2.11778306263315,0.985271237640544,0.999879800416684,0.985389681069613,1.7013366482972e-06,4.17203605228972e-05,2.01547478506229,8.44118719737396e-05,0.0020699570156687,99.9978456311128,Dijkstra,6,359,Multiparous,Group1
1215_8,311,0.925863509558608,1.42199138950806,8.10755931754002,1.08497372481344,1.43122519685286,1.09911019028332,2.02347630035264,0.961832172396686,0.999210390196228,0.962592244670112,1.20672990614104e-05,6.69772834244759e-05,2.02198046725256,0.00059678258680226,0.00331232998002581,99.9960908874331,Dijkstra,8,356,Multiparous,Group1
1376_7,338,0.951812127600754,1.4948753474806,4.7821444260374,1.17848606601277,1.50380005570994,1.19259967159376,1.99577105059134,0.97552001499003,0.999683713078982,0.975828656831341,9.53088700760698e-07,2.09323463444219e-05,2.23463041907019,4.26504248038585e-05,0.000936716029702724,99.9990206335454,Dijkstra,7,385,Multiparous,Group1
1428_3,316,0.947271360069242,1.3655477488,6.98973463847472,1.08482598504927,1.37427338230327,1.09873401049862,1.8901319384673,0.973128941677014,0.999578591342109,0.97353919952449,1.4577473539145e-05,0.000165209711834341,1.86454086706737,0.000781751063136411,0.00885975663204879,99.9903584923048,Dijkstra,3,362,Multiparous,Group1
1512_1,345,0.83541091203487,1.37816943349004,4.73016102144287,1.11399875636012,1.38622897256717,1.12706619045232,1.78253348765912,0.911221171591838,0.996095301556632,0.914793163031531,3.29435755350949e-08,2.86742884006162e-06,1.89934808703384,1.73446486476323e-06,0.000150968876162134,99.9998472966592,Dijkstra,1,388,Primiparous,Group1
1530_1,289,0.890938995765257,1.41146310591165,4.40007294135351,1.1462995493126,1.42133359753472,1.1623879640398,1.90897298742459,0.942948670229574,0.998360402227699,0.944497265842594,2.37219246092292e-08,6.64654949938413e-07,1.99222741097289,1.19072332214226e-06,3.33623920953303e-05,99.9999654468847,Dijkstra,1,330,Primiparous,Group1
1669_2,303,0.979883416323115,1.40439742812617,3.72614259975779,1.12040401304353,1.41376018133313,1.13539269549227,1.96401508904001,0.989939429365924,0.999947340031852,0.98999156229006,2.75189463383856e-07,4.02956488573544e-06,1.97232783137307,1.39524909797484e-05,0.000204304579939934,99.9997817429297,Dijkstra,2,344,Multiparous,Group1
1738_3,368,0.986915764549435,1.41585497427849,3.88387122681161,1.11651415945008,1.42361314180149,1.12878354581766,1.96431049244388,0.993465932865996,0.999975479764137,0.993490293482319,3.8611643083497e-06,3.36899450943924e-05,2.00460775707974,0.000192610847044936,0.00168059381661015,99.998126795336,Dijkstra,3,414,Multiparous,Group2
1854_3,359,0.903579084408158,1.34541234911789,7.43621906391677,1.08084640164691,1.35297090493482,1.09302495265138,2.08789802509843,0.949773274932891,0.998717660619901,0.95099277041258,1.58446136644641e-07,3.03100120811181e-06,1.81013119971158,8.75328028645778e-06,0.000167446197711329,99.9998238005222,Dijkstra,3,404,Multiparous,Group2
1950_3,363,0.905640588799953,1.44098082695401,5.20707384778307,1.13934697222001,1.44898633759292,1.15204164600519,2.00017144836972,0.950887710293943,0.998766125003423,0.95206243632931,1.75716127522486e-07,6.69852554823496e-06,2.07641886940739,8.46243252665929e-06,0.000322598848946224,99.9996689387184,Dijkstra,3,412,Multiparous,Group2
1048_1,398,0.952817660916109,1.32444307479639,4.43013021570088,1.04562396679087,1.331149158554,1.05623943853494,2.01392382419865,0.976011474388562,0.999697713924882,0.976306598278267,5.33710756039251e-07,1.3376388414936e-05,1.75413554827693,3.04256147325856e-05,0.000762556938980508,99.9992070174461,Dijkstra,1,445,Primiparous,Group2
1138_5,507,0.992551169194064,1.35315218273652,4.82215159355933,1.07690396933582,1.35852185535265,1.08546781799853,1.94249316496824,0.996288562784836,0.999996730755309,0.996291819906578,0.000121248445254116,0.000387699322379036,1.83051188187696,0.00662190420180259,0.0211739438515447,99.972204151946,Dijkstra,5,578,Multiparous,Group2
1300_2,354,0.977460740187838,1.34720502397622,4.49886843115412,1.09024953420371,1.354881468011,1.10270952888033,2.05364327932705,0.988713442950958,0.999949066572001,0.988763804080981,1.03854917364097e-05,0.00011698261764477,1.81483400851738,0.000572215578257203,0.00644546044622671,99.9929823239754,Dijkstra,2,396,Multiparous,Group1
1389_5,339,0.91917075864187,1.39852808943379,7.10114978681108,1.10909391958921,1.40685273491385,1.12233683206191,1.94373659467876,0.958287079750915,0.999143998644465,0.959108077565415,1.69170155362814e-07,2.91942918756047e-06,1.955877728336,8.6493079689736e-06,0.000149264165908376,99.9998420865261,Dijkstra,5,383,Multiparous,Group1
1429_2,294,0.921538456043977,1.37506090080165,5.8419943421366,1.08891518680577,1.38451160240783,1.10393470662378,2.17831514844717,0.959587928564403,0.999168641656643,0.960386353772458,1.25058994558464e-07,3.08761182307633e-06,1.89078926824263,6.61410471116579e-06,0.00016329723405631,99.9998300886615,Dijkstra,2,333,Multiparous,Group1
1514_3,403,0.767973092645126,1.43599943545394,32.6483292802435,1.16496997634839,1.44317947739484,1.17664887335439,1.99395913702896,0.86911724175271,0.990609626301563,0.877355941913826,0.000131676972617895,0.000305392700496374,2.06165730895091,0.00638559388856681,0.0148098313860956,99.9788045747254,Dijkstra,3,454,Multiparous,Group2
1560_1,352,0.767823281699482,1.31619567426323,4.33678144376624,1.07054554652311,1.32373840463389,1.08285066774752,1.92015034920674,0.870084701172391,0.991676492907502,0.87738764344548,6.50287816267617e-08,1.03112996940925e-05,1.73236067662076,3.75374441382261e-06,0.000595213114219283,99.9994010331415,Dijkstra,1,401,Primiparous,Group2
1670_2,291,0.926625234282639,1.38551651702861,4.62610889609704,1.10602899621394,1.39513827511102,1.1214440344887,1.95632253537454,0.96230667462883,0.9992716815647,0.963008051145822,1.56676445460629e-07,5.7382077008824e-06,1.91965012407493,8.16169375727982e-06,0.000298918537707287,99.9996929197686,Dijkstra,2,326,Multiparous,Group1
1767_5,290,0.939557237552982,1.43939637090667,3.70670360724498,1.14065117222893,1.44942712899467,1.15660433547689,1.94195584691184,0.96914026646952,0.999493171156919,0.969631703784164,7.08767935883776e-07,3.28866333336693e-05,2.07182831717803,3.42092265696133e-05,0.0015872985131875,99.99837849226,Dijkstra,5,328,Multiparous,Group1
1856_7,317,0.807298382619882,1.27994855478612,10.8787125704483,1.01297817540696,1.2881011757771,1.02592358339938,1.93735770791031,0.894343290108257,0.994248844749685,0.899516549434281,8.96855829867036e-07,1.79374075801879e-05,1.63824946863566,5.47441361271511e-05,0.00109490048415427,99.9988503553796,Dijkstra,7,361,Multiparous,Group1
1966_2,328,0.98969508984064,1.37496508672212,4.29554102399994,1.12878439364702,1.3834264901957,1.14272000344513,2.16294399866754,0.994868057807575,0.99998626368885,0.99488172381249,3.95344053903067e-07,2.21080569386132e-06,1.89052638355502,2.0911821826377e-05,0.000116941115735367,99.9998621470624,Dijkstra,2,373,Multiparous,Group1
1001_8,327,0.969793631720861,1.72636530230732,5.79872526489019,1.33965328831579,1.73433931842284,1.35205748542983,1.24662197120028,0.984599438389827,0.99965608116283,0.984938177182408,0.00118320292633087,0.0111532930153994,2.96800066106891,0.0397003044956715,0.374229237425823,99.5860704580783,Wood,8,373,Multiparous,Group1
1063_1,449,0.867805629657121,1.99049081037555,18.3711085458343,1.59905957006347,1.9971740663718,1.60981557614013,1.01882836294831,0.926392918463206,0.992678981127155,0.933225076863536,0.0124976257386119,0.0631661725572434,3.88638986789364,0.315433025182405,1.59427857063817,98.0902884041793,Wood,1,509,Primiparous,Group2
1141_4,276,0.882140505206791,1.36473331470626,8.88437532442349,1.0709153820963,1.37221136144979,1.08268368299846,1.98135278782037,0.937676650418393,0.997863070309129,0.939684690533652,8.58298583302239e-06,0.000145069226202936,1.86234336805711,0.000460832191386919,0.00778896420365667,99.9917502036048,Wood,4,315,Multiparous,Group1
1313_5,327,0.921892787218107,1.4038484234456,9.05481729158419,1.13184991075704,1.41033274628118,1.14233000252331,1.79938587088892,0.959170035072546,0.998643746662322,0.960472679349662,0.000299029914899831,0.00314848632071908,1.96734287977506,0.0151730958048676,0.159757543323344,99.8250693608714,Wood,5,365,Multiparous,Group1
1404_1,298,0.53744468496359,1.33571727259907,8.21208735398902,1.03839729132114,1.34249187534229,1.04895726377525,1.85383793173858,0.702361169528405,0.955293858858591,0.735230487472833,1.33242016321783e-07,1.66974797915461e-05,1.7841238015977,7.46813417665168e-06,0.00093588361192347,99.9990566482539,Wood,1,339,Primiparous,Group1
1450_6,359,0.898703024051756,1.65623887977329,9.14056695283307,1.31004207052883,1.66320277403225,1.32108175089846,1.4962627112372,0.946014266948832,0.997400085964293,0.948480234021856,0.000629401315436826,0.00878817976407671,2.73370964579317,0.0229446636404969,0.320370840914139,99.6566844954456,Wood,6,405,Multiparous,Group2
1517_1,289,0.874305125204561,1.37879926476742,3.82107316212983,1.08294560558325,1.38601186462393,1.09430517487258,2.0503106460999,0.933671586754182,0.998028067740469,0.935516361647032,1.99941476853273e-06,0.000193812046810139,1.90089160106159,0.000105172163855372,0.010194799330816,99.9897000285052,Wood,1,325,Primiparous,Group1
1581_2,341,0.97536718209111,1.71397973131276,3.48250262070912,1.33462765258478,1.72156934658028,1.3464734601521,1.00040776615253,0.987690236405876,0.999984366645037,0.987705677559332,0.000282729782856324,0.00576650952413361,2.93167728004399,0.009624101528647,0.196291570578449,99.7940843278938,Wood,2,390,Multiparous,Group1
1687_1,358,0.927154571956492,1.60519397162132,4.5330267406418,1.28890999406415,1.61196221234284,1.29980219119708,1.20781796324387,0.962743692851752,0.999588471411904,0.963140052517704,7.0643003280668e-05,0.00263597441586056,2.57394106911028,0.00274166327239791,0.102302477348428,99.8949558593787,Wood,1,406,Primiparous,Group2
1776_4,288,0.727072290899026,1.65160450784389,7.99414184832809,1.34871010254563,1.66027440735023,1.36290705099348,1.51784626451035,0.841158360609769,0.985068357705343,0.853908618655863,3.05996814086574e-05,0.00183844687712118,2.72592840377173,0.00112177249102394,0.0673967517968973,99.9314814757121,Wood,4,322,Multiparous,Group1
1876_4,336,0.86960231113293,2.26540603321762,10.1938403653852,1.82717164323941,2.27558768466788,1.84363264903436,0.761512444165472,0.928790368472541,0.995081586173382,0.93338112309387,0.00199439741296561,0.0304530323913659,5.09961706553447,0.0388615032951558,0.59338756204301,99.3677509346616,Wood,4,380,Multiparous,Group1
1970_3,365,0.900273157303792,2.3075599597419,11.1783708839958,1.88222356318032,2.317101943768,1.89782210099673,0.736924960849596,0.946097280967366,0.996140902194671,0.949762507375162,0.00626371509249857,0.0596512062239108,5.25891804648763,0.11763214227322,1.12024558487721,98.7621222728496,Wood,3,411,Multiparous,Group2
1002_1,351,0.964986979130486,1.75058887085948,3.8687850700473,1.38469555878199,1.75811832010552,1.39663258946114,1.40172630233563,0.982416286820735,0.999946980209043,0.98246837708871,0.00020316651924493,0.00481965177353947,3.05953857648429,0.00662954638765559,0.157270524315604,99.8360999292972,Wood,1,400,Primiparous,Group2
1077_3,385,0.981583531075374,1.66816628106396,3.57089740822987,1.30096216939827,1.67470386175802,1.31117914978621,1.40393967453469,0.990766129452915,0.999967675069762,0.990798156934218,1.49732976289606e-05,0.000218578660092495,2.78254518932105,0.000538070002003822,0.00785469059577666,99.9916072394024,Wood,3,438,Multiparous,Group2
1152_5,368,0.929936391947116,1.41326423652414,9.53630128646986,1.12253028183749,1.41906028642307,1.13175655812657,2.07172483584733,0.964024924791796,0.999469241889862,0.964536860553062,4.10855737928986e-05,0.000335705794092487,1.99693901087027,0.00205703943997534,0.0168078474979421,99.9811351130621,Wood,5,419,Multiparous,Group2
1316_3,395,0.967113359050628,1.49410944017343,9.24090745485852,1.18454392562712,1.49981579871553,1.19360931281304,1.79979775362426,0.983238432765002,0.999690553480695,0.983542786656921,0.00103028447358233,0.00416293147196732,2.22716980326983,0.0461521923053743,0.186480936842903,99.7673668708526,Wood,3,443,Multiparous,Group2
1407_1,311,0.887902249681764,1.75951023297095,3.36438243464018,1.40505173325986,1.76805851114292,1.41873730209031,1.18367562502461,0.941317786952694,0.998552606915928,0.942682218676484,6.11003883756496e-06,0.000669479938796422,3.09520066995185,0.00019736056368429,0.0216248933286394,99.9781777461075,Wood,1,347,Primiparous,Group1
1456_1,339,0.904236014287599,2.02822596922779,3.83166879842033,1.56255276312459,2.03726042805881,1.57650412708106,0.889562861296952,0.950398762984331,0.999114145285495,0.95124142468502,3.47911945812252e-05,0.00245350324511937,4.1112122878103,0.000845739593478047,0.0596422417252695,99.9395120186811,Wood,1,384,Primiparous,Group1
1523_1,321,0.0589229610603543,1.52633437085724,30.9625955125566,1.21725969989569,1.53351716051092,1.22874328197018,1.88374597549657,0.121841113206995,0.47861946487864,0.25456781879502,1.34804036343782e-09,2.0245741046258e-07,2.32969640785471,5.78633439517773e-08,8.69029080650579e-06,99.9999912518459,Wood,1,358,Primiparous,Group1
1603_3,314,0.91401496048267,2.095409965465,6.73291282329927,1.69213208233423,2.10549218870896,1.70845489984871,0.924921634775241,0.954597686388097,0.998015352448197,0.956495993820543,0.000734251793982866,0.0157216286184648,4.3742870429576,0.0167227233932271,0.358063063423397,99.6252142131834,Wood,3,357,Multiparous,Group1
1703_1,441,0.903901967014538,1.65253817227221,3.70780649437565,1.32997650412671,1.65818789190594,1.33908593223716,1.08641842001099,0.950122392553482,0.999083438026167,0.95099403752562,1.89162678764309e-05,0.00143366717765107,2.72942982737126,0.000692679692157568,0.0524983123393536,99.9468090079683,Wood,1,499,Primiparous,Group2
1789_2,304,0.960729789992624,1.81413363029056,3.583706315026,1.44696365007229,1.82315174864935,1.46138521469095,1.24495597088597,0.980275175314804,0.999935597710846,0.9803383113462,0.000195330260284872,0.00606485131894717,3.28482064697196,0.00593514017007174,0.184281445363864,99.809783414466,Wood,2,347,Multiparous,Group1
1877_5,365,0.894229452383667,1.46359812769344,18.5717197125084,1.16341106527008,1.46965024776777,1.1730525934353,1.75393765001755,0.945669316218701,0.999380533016247,0.946255490253108,0.00284528469338135,0.00914616546136522,2.13012802923298,0.132825676660883,0.426968035600863,99.4402062877382,Wood,5,412,Multiparous,Group2
1971_3,431,0.943694082304823,1.51900766671371,7.49172927722444,1.205790689707,1.52432199548355,1.21424249360681,1.76478032333425,0.971456946746181,0.999822161194767,0.97162974021831,0.000393365172239769,0.00406881258278141,2.30292211378002,0.017048099602779,0.176338748500127,99.8066131518968,Wood,3,482,Multiparous,Group2
1024_1,346,0.78141883892485,1.56388731953133,11.2873409347189,1.26473912259023,1.57071158752267,1.27580098080531,1.52402555480462,0.875757573223208,0.989648565388132,0.884917741359776,0.000185927065498208,0.00424193229398931,2.44131568883141,0.00760206709471795,0.173441418137525,99.8189565147677,Wood,1,393,Primiparous,Group1
1104_6,330,0.87724019382672,1.85077082228012,9.92025650211075,1.47741681046482,1.8592412135466,1.49097109312963,1.21761983434055,0.933503499234751,0.995920730080848,0.937327109517009,0.00105153626758722,0.0156706438902913,3.40863045644553,0.0306986281164302,0.457489944913535,99.5118114269699,Wood,6,370,Multiparous,Group1
1181_3,316,0.974371565386301,1.56402042473808,4.73872201167152,1.26823373346055,1.57149785584873,1.28038932834995,1.63936219808574,0.987206640902776,0.999985859631362,0.987220600565995,0.000542595767997819,0.00620334988112938,2.43941394334874,0.0221815332038703,0.253595437854666,99.7242230289411,Wood,3,357,Multiparous,Group1
1346_2,308,0.936314494723957,1.67142657779328,4.30467512728031,1.32196943775184,1.67962659387096,1.33497241582808,1.62300316376933,0.967537287763491,0.999657330799262,0.967868946641856,4.88702427973416e-05,0.00175765089265496,2.79186028381832,0.00174932252875269,0.0629155520457296,99.9353351254259,Wood,2,347,Multiparous,Group1
1414_2,313,0.807589942465845,1.58643577467724,18.6463940216656,1.22945578641984,1.59409359443724,1.24135374564326,1.82670479462866,0.891497650980974,0.990766988673692,0.899805565962985,0.0013146048149857,0.00956884561898673,2.50589501674179,0.0522336324841855,0.380202141101618,99.5675642264142,Wood,2,355,Multiparous,Group1
1459_1,393,0.852309556115066,3.18742574117335,11.4358243453799,2.56388309302839,3.19966158555482,2.58360527066707,0.432960535729626,0.918633244840866,0.994173860604815,0.924016694908883,0.00342802984278049,0.0479988318812774,10.1082559937704,0.0337415044498813,0.472444195000822,99.4938143005494,Wood,1,440,Primiparous,Group2
1525_4,411,0.675707103375749,1.36777706123427,21.4352258609823,1.10665325165109,1.37279644346456,1.11479040791323,2.1431294674474,0.805351802785006,0.978472233320041,0.823070676264749,7.7419648124366e-05,0.000828785209646288,1.86990788438089,0.0041382865657096,0.0443007787045033,99.9515609347298,Wood,4,460,Multiparous,Group2
1607_2,358,0.918443658299264,1.70845031882114,9.85763591501643,1.35291983815203,1.71565393609293,1.36435296354487,1.3189171445417,0.956709794734174,0.997678198171684,0.958936254683537,0.0022329358915031,0.0214553774108885,2.89511417857767,0.0765017810459939,0.735074657177939,99.1884235617761,Wood,2,404,Multiparous,Group2
1705_3,334,0.987178959755344,1.71304643488159,4.5443145593871,1.32444541908261,1.72079197446184,1.33644945611357,1.27447133908677,0.993562218730856,0.999945520112044,0.993616350838321,0.000551095466611586,0.00347619028145234,2.93050080231252,0.0187796964307066,0.118458238501639,99.8627620650695,Wood,3,378,Multiparous,Group1
1797_2,367,0.921701311289614,1.5369485356318,5.80671550544025,1.22714509083632,1.54326911830702,1.23725892400256,1.57164158638092,0.959861756175832,0.999520847074763,0.960321897222056,0.000105643595006442,0.00259336084982306,2.35951179673591,0.00447223401711805,0.10978532688644,99.8857424390964,Wood,2,418,Multiparous,Group2
1898_4,312,0.927728625382278,1.34189700969144,4.84270286111661,1.06439992467227,1.34839533830142,1.07473390452345,1.9809142072006,0.962853061218219,0.999399805506286,0.963431307383982,4.81423386649651e-06,0.000157959538955306,1.80052481084602,0.000267355309583898,0.00877217904452552,99.9909604656461,Wood,4,355,Multiparous,Group1
1975_1,376,0.926595355245702,1.63286915264872,4.0397689850245,1.26565224803118,1.63942249999898,1.27583175672848,1.5953928091675,0.962324027241948,0.999486472391743,0.962818461103464,2.4407500877966e-05,0.0011639597430689,2.66507330242782,0.000915420311351914,0.0436551204373049,99.9554294592516,Wood,1,427,Primiparous,Group2
1025_4,376,0.891833565102124,1.99082546905501,8.10058068942278,1.55161752722187,1.99881543615757,1.56409702475985,0.896123982537861,0.942458809369434,0.997567517883687,0.944756913666189,0.000287584224692855,0.00542868816019522,3.95766977585321,0.00725602354130247,0.136970966091191,99.8557730103673,Wood,4,426,Multiparous,Group2
1112_1,323,0.813661962525436,2.3655510266047,6.59087386378039,1.85598261491563,2.3766136794351,1.87338245193046,0.71972566196483,0.898422956832448,0.995278400367358,0.902685074347881,1.20232708035917e-05,0.000622614254349715,5.59519702194538,0.000214861195533701,0.0111263935771904,99.9886587452274,Wood,1,365,Primiparous,Group1
1183_4,311,0.945969885619384,1.69126801745293,4.85651991118376,1.29647645246932,1.69948475254524,1.3091044698635,1.28827769417822,0.972189676625715,0.999345848953215,0.972826051805843,0.000150673778454824,0.00368900276371802,2.85654783031698,0.00526760021477898,0.128968636412789,99.8657637633725,Wood,4,357,Multiparous,Group1
1369_1,316,0.714700235586449,1.87190400542897,6.88533024498552,1.52110528611686,1.88085339830451,1.53568457000936,0.956306695368746,0.834063348030008,0.9853268252617,0.846483955015112,3.38930301403087e-06,0.000286133351201676,3.50373508288681,9.67260049678663e-05,0.00816584879995433,99.9917374251951,Wood,1,357,Primiparous,Group1
1416_3,308,0.855646610270069,1.53794845579398,8.72310156145031,1.2550203345637,1.54549362842179,1.26736479687089,1.51212547255988,0.921641148085652,0.995681831594353,0.925638209758089,0.000152235088824128,0.00346088373648983,2.36167233385378,0.00643622479695612,0.146319918070344,99.8472438571327,Wood,3,352,Multiparous,Group1
1495_1,361,0.847010409763859,1.48215437709908,5.35873604267916,1.18334740811197,1.48835156528658,1.19326372717436,1.85540272557827,0.918201564503576,0.997159976351541,0.920816705723728,9.93129033025658e-06,0.000611730288992837,2.19615993597465,0.000452083645516453,0.0278466593890796,99.9717012569654,Wood,1,410,Primiparous,Group2
1528_3,351,0.943179509961843,2.56080431274134,5.91643307055838,2.10186289751559,2.57181857566897,2.11998240525279,0.54739857761093,0.97035832671215,0.998769967164892,0.971553369257397,0.00253453845903992,0.0452592110898129,6.50992497860573,0.0386496976175303,0.690167007247489,99.2711832951343,Wood,3,398,Multiparous,Group1
1642_1,331,0.923957664998775,1.5101868493585,6.20948919920066,1.21781285074519,1.5170774715252,1.22895138291664,1.77782950660626,0.960988801770223,0.999477220624143,0.961491449670174,6.51548310090076e-05,0.00136151967307063,2.27923764547128,0.00285683563505354,0.0596983809123358,99.9374447834527,Wood,1,374,Primiparous,Group1
1719_5,377,0.94558616872036,2.24357057802344,16.252301205107,1.82761627866196,2.2525508830791,1.84227630228759,0.733723698680473,0.970872399785535,0.996538141559738,0.974245098402323,0.0872557990204649,0.217592052544675,4.72876108700728,1.73346400336796,4.32278421307768,93.9437517835543,Wood,5,431,Multiparous,Group2
1807_2,345,0.924130701214153,1.38992471013967,6.14802974133187,1.09488509473767,1.39600756069039,1.10448934995467,1.69930511604632,0.961081800348648,0.99948897601761,0.961573187308186,5.89093488148654e-05,0.00125225573601908,1.93057953477201,0.0030493106478141,0.0648202165946482,99.9321304727571,Wood,2,392,Multiparous,Group1
1917_1,358,0.877516908697879,1.71459583795622,7.50542687779932,1.35216231641535,1.72182536758103,1.36358904021604,1.41213129929198,0.934079548744848,0.996587603866012,0.937277912269148,0.000260788002017727,0.00666167860086825,2.93291642093391,0.00887082632736495,0.226600125235089,99.7645290484375,Wood,1,408,Primiparous,Group2
1978_2,281,0.892359496090596,2.95026717192598,10.4179604203103,2.34445006506729,2.96614316370682,2.36974988591334,0.531821314859348,0.942108415434879,0.996484262187969,0.945432307547239,0.00457998588482997,0.0535623277120166,8.64593407214733,0.0526188613456017,0.615370607267911,99.3320105313868,Wood,2,316,Multiparous,Group1
1035_2,345,0.964022147546304,1.62027253060654,6.64362468253666,1.27199735356853,1.62736347271528,1.28315522509106,1.49040545564803,0.982014127761747,0.999974536827241,0.982039133593861,0.00135670812250398,0.0110867860963652,2.61283957921926,0.0516785460673089,0.42230821538973,99.5260132385432,Wood,2,392,Multiparous,Group1
1117_1,376,0.954600981085475,1.58227891718889,5.27608115506988,1.2527876221628,1.58862922598889,1.26286366201934,1.66108495275578,0.977069901799265,0.999877039053238,0.977190058013965,0.000179278463597248,0.00299758762491106,2.50042970569193,0.00716080815644107,0.119730777938458,99.873108413905,Wood,1,421,Primiparous,Group2
1206_3,330,0.724079784379622,1.36191925425419,11.5643397219093,1.07687855619822,1.36815232688426,1.08675817597986,1.84651387807575,0.841939873925517,0.988271613523506,0.851931657658092,7.12704701983177e-06,0.000198741115657288,1.85461818694561,0.000384243831656349,0.0107148230642116,99.9889009331041,Wood,3,371,Multiparous,Group1
1375_2,380,0.967961247417726,1.61666618740463,6.13444624677171,1.30243028519907,1.62308580043315,1.31279445192479,1.66085759512015,0.983971816568321,0.999976736257369,0.983994707967957,0.000990017523118756,0.00846302401542236,2.60415651995887,0.0378793197615767,0.323805978524718,99.6383147017129,Wood,2,425,Multiparous,Group2
1422_1,448,0.905429454506043,3.17183934665089,14.5492282129525,2.52287898422808,3.18251298090023,2.53988715715546,0.370662775386463,0.948292644416719,0.99489690581465,0.953156692793441,0.0434776042777475,0.240244759615269,9.77684247706974,0.432158680601346,2.38798480416413,97.1798565152346,Wood,1,504,Primiparous,Group2
1509_1,307,0.888508637780307,1.97146864265522,12.0530421962921,1.58650744438762,1.98117240256032,1.60216376785197,0.950509268135764,0.939259177077577,0.995220791604275,0.943769648907265,0.00496781594943901,0.0463976565340418,3.83532313648935,0.127816155324877,1.19375800847353,98.6784258362016,Wood,1,349,Primiparous,Group1
1529_3,376,0.958194628320795,1.77628845500116,8.17773850790277,1.38381816889032,1.78341740052689,1.39494807373394,1.027531027221,0.97846191507285,0.999337914678399,0.979110169544336,0.00235302733446766,0.0157920282129003,3.13705561982305,0.0745761546273573,0.500507886429327,99.4249159589434,Wood,3,421,Multiparous,Group2
1665_5,428,0.970335052088188,1.84138227446101,5.63288766056154,1.50217849784402,1.84786984220735,1.51278211076998,1.37886408776823,0.985208872927194,0.999989263132099,0.985219451098294,0.00204136540469943,0.0190162318216398,3.36963108347286,0.0602050378827017,0.560836856827519,99.3789581052899,Wood,5,484,Multiparous,Group2
1722_3,358,0.846690378926421,1.62180506459548,8.34268988080689,1.28741748419703,1.62864334537315,1.29829706857052,1.43364782004936,0.916212979326743,0.995061944439864,0.920759742090724,0.000154894946655881,0.00414538250298555,2.62595139009792,0.00588897817524453,0.157604025277577,99.8365069965472,Wood,3,408,Multiparous,Group2
1836_1,317,0.975464891980414,1.83685795331342,3.95412061832999,1.46904389356772,1.84561189306662,1.48307934478015,1.17014820023931,0.987787349376666,0.999994826976513,0.987792459250258,0.000946714413580695,0.0147978109585219,3.35830261527865,0.0280587192210392,0.438577481038628,99.5333637997403,Wood,1,361,Primiparous,Group1
1925_2,315,0.96583538752486,1.89178614580259,6.4090973214639,1.42748120537895,1.90085951270511,1.4412069861999,1.36738381961359,0.982685038818783,0.999797153336361,0.982884413642833,9.62602861973659e-05,0.000828742968940243,3.57792981819545,0.00268969519580424,0.02315665234513,99.9741536524581,Wood,2,351,Multiparous,Group1
1039_7,391,0.974960968727845,1.49534561710538,7.87529458628308,1.18259400817859,1.50111546085654,1.19173777628306,1.6282618698193,0.987334865505553,0.999855920805516,0.987477140416516,0.000377796470366475,0.00157265361425304,2.23410806451165,0.016895643289312,0.0703315053692587,99.9127728513411,Wood,7,442,Multiparous,Group2
1135_6,315,0.965099308637496,1.5522634955628,3.81942569466395,1.24957073886794,1.55970844712663,1.26158584212629,1.77217974411861,0.982455380570242,0.999929135649638,0.982525006566547,9.26663918011005e-05,0.00225460669547581,2.40717468656956,0.00384584134748031,0.0935707054438678,99.9025834532087,Wood,6,359,Multiparous,Group1
1215_8,311,0.906738741686974,1.59748857576007,9.10816583182545,1.20319645588467,1.60524969954681,1.21491590188355,1.60223053395389,0.950714747597296,0.997953781419104,0.952664106593561,0.000458541585030517,0.00583390692441089,2.54567730117449,0.0179681434345884,0.228604078286329,99.753427778279,Wood,8,356,Multiparous,Group1
1376_7,338,0.943147983797786,1.62614103685993,5.20206671979471,1.2822133708288,1.63340603671002,1.29369587862727,1.68648492082358,0.971116322675951,0.999753209352493,0.971356044263075,9.67517370505028e-05,0.0021108248458316,2.64212709517701,0.00365883101272168,0.0798244211814073,99.9165167478063,Wood,7,385,Multiparous,Group1
1428_3,316,0.946014284829468,1.38394205627271,7.08388830553304,1.08066456124662,1.39055855003662,1.09102236854292,1.84117973599507,0.972538134088766,0.999714324292817,0.972816044000094,4.09664883879445e-05,0.0004590463263352,1.9147956023056,0.00213891203344977,0.023967387734366,99.973893700232,Wood,3,362,Multiparous,Group1
1512_1,345,0.796174967241249,1.53591335979616,5.27157062860056,1.23973719516968,1.54263511339787,1.2506120828466,1.43724347256417,0.887814508000205,0.994233065319585,0.892964174063982,3.18577198233029e-06,0.000288080140112499,2.35873858288824,0.00013504585302091,0.0122118056394666,99.9876531485075,Wood,1,388,Primiparous,Group1
1530_1,289,0.850698392421105,1.65435082747778,5.15724731380007,1.32319253814376,1.66300485772409,1.33707218015226,1.39631681124921,0.919116861233707,0.995844169261088,0.922952495585416,2.88288654835742e-05,0.00192971113254874,2.73491812037838,0.00105334909318162,0.0705077857722439,99.9284388651346,Wood,1,330,Primiparous,Group1
1669_2,303,0.971600151208127,1.67145988700219,4.43471183015132,1.30018272714104,1.67979639700648,1.31318455441245,1.38759339783171,0.985800580376407,0.999976018798082,0.985824221626121,0.000390252307709898,0.00566697064483317,2.78772093090484,0.0139686219240806,0.202842542705431,99.7831888353705,Wood,2,344,Multiparous,Group1
1738_3,368,0.98265545282488,1.63238208175895,4.47783276796213,1.29360006880521,1.63907677320834,1.30423239813785,1.48626621975775,0.991371905688618,0.999995960444022,0.991375910407103,0.00122741645378478,0.0105468931587396,2.65289695123515,0.0460625845979337,0.39580466505217,99.5581327503501,Wood,3,414,Multiparous,Group2
1854_3,359,0.867562476586743,1.57901455017144,8.7273601345233,1.27162157070413,1.5856537436447,1.28233748281681,1.51609240364693,0.928245943992551,0.995961426945101,0.932009934199708,0.000296266292776579,0.00614373109154152,2.4868469522688,0.0118825589977839,0.246410911202831,99.7417065297995,Wood,3,404,Multiparous,Group2
1950_3,363,0.871093255506058,1.68658190895039,6.09456863406269,1.33021034721922,1.69359475378913,1.34129543344604,1.45674041485818,0.932019935337862,0.998162762261621,0.933735429306245,3.13299685343663e-05,0.00122025080216745,2.84330695482804,0.00110140002894234,0.0428977216287308,99.9560008783423,Wood,3,412,Multiparous,Group2
1048_1,398,0.935699505518677,1.54810764889579,5.17826594667745,1.25112573847852,1.55397541844162,1.26062795927709,1.47531274921164,0.96720481323411,0.99968059684604,0.967513840206172,8.56051736385627e-05,0.00214683780399368,2.39440484959202,0.00357188690603982,0.0895770841357415,99.906851028958,Wood,1,445,Primiparous,Group2
1138_5,507,0.987752735747215,1.73681438511435,6.18938679754304,1.38073039916883,1.74197580625572,1.38894903249722,1.17793926681364,0.993943572090897,0.999948176822912,0.993995084074163,0.0135290912307935,0.0421293319261096,2.96086578518323,0.448499342169637,1.39661839310387,98.1548822647259,Wood,5,578,Multiparous,Group2
1300_2,354,0.957946229405302,1.8428325540099,6.15397141013381,1.46236640260167,1.85069115065919,1.47486526074357,1.10008488511525,0.978958814870492,0.999969903685522,0.978988278809601,0.00156064694928787,0.0174074945380658,3.37706368063131,0.0459550154719763,0.51258337524075,99.4414616092871,Wood,2,396,Multiparous,Group1
1389_5,339,0.898544954450966,1.56917363489478,7.96761760245656,1.26179474712986,1.57616330706064,1.27306077165781,1.54646127209781,0.946208460601061,0.99776691423814,0.948326154233679,0.000225506798762805,0.00410107952421685,2.45797931012593,0.00915835839438255,0.166554428924991,99.8242872126809,Wood,5,383,Multiparous,Group1
1429_2,294,0.919163574017426,1.39812034609515,5.93996320217685,1.11316074523317,1.40530867289186,1.12463662920464,2.10596831713065,0.95829678539857,0.999243556667579,0.959022231371134,7.87979781539757e-06,0.000193761623071272,1.95453886074433,0.000403112219073032,0.00991239619052487,99.9896844915898,Wood,2,333,Multiparous,Group1
1514_3,403,0.724162645244314,1.5676719256775,35.6419842301215,1.27803318088376,1.57353971384792,1.28761842974039,1.67473911001752,0.833687819880945,0.976798933287272,0.853489691143798,0.0058645799397642,0.0201890923277689,2.43154159428989,0.238630828255918,0.821497852087322,98.9398713196568,Wood,3,454,Multiparous,Group2
1560_1,352,0.679906391643828,1.54764987712649,5.09940839330474,1.25128409004089,1.55428743386137,1.26204011373752,1.38782010239241,0.810281246476383,0.981357993984573,0.825673456010101,2.63891684155854e-07,4.766848638715e-05,2.39517220979158,1.10174292337411e-05,0.00199015053138167,99.9979988320394,Wood,1,401,Primiparous,Group2
1670_2,291,0.91566364525508,1.48799356143049,4.96827007636935,1.1958452065497,1.49572345012819,1.20830192745126,1.69966924964225,0.956479703699675,0.999229856364609,0.957216898201514,1.32657670527429e-05,0.000486765516679393,2.21362480757486,0.000599142686985149,0.0219845560709363,99.9774163012423,Wood,2,326,Multiparous,Group1
1767_5,290,0.922348562470768,1.63433444058883,4.20870407124858,1.27588850714518,1.64285405230742,1.28922532080872,1.50819277531144,0.960124502058147,0.999414798840033,0.960686697027612,2.40012053033266e-05,0.00111859706305445,2.66990646542646,0.000898568492415713,0.0418785666747397,99.9572228648329,Wood,5,328,Multiparous,Group1
1856_7,317,0.770193494473505,1.39998585945253,11.8989499310158,1.13636396736444,1.40665779173062,1.14722094794436,1.62198977982682,0.868876396228537,0.988912943936664,0.878617679701628,0.000120906538591755,0.00263478145992103,1.95720471866852,0.00616882556303063,0.134430341090489,99.8594008333465,Wood,7,361,Multiparous,Group1
1966_2,328,0.979834214559539,1.9263993016973,6.01828170689978,1.51604658901251,1.93526995169006,1.53004086521878,1.11031210205612,0.989753716553223,0.999734301399493,0.990016762621531,0.00477332217065288,0.0277473344434823,3.67849361296567,0.128625810193753,0.747702175950504,99.1236720138541,Wood,2,373,Multiparous,Group1
1001_8,327,0.975240496016146,1.56298356788266,5.24993886958691,1.22113329558289,1.57020292993884,1.23244008535681,1.51816897934156,0.987542928051918,0.999922407668206,0.987619559756485,1.26217744835362e-29,3.59341687687434e-19,2.44291763347122,5.16668032953761e-28,1.4709529407131e-17,100.000000000001,Wilmink,8,373,Multiparous,Group1
1063_1,449,0.922393064149038,1.52511981930225,14.0759965329951,1.22643005237953,1.53024054938763,1.23467958187984,1.73198624778814,0.95981750238428,0.99919235729402,0.960593318571437,1.05958872370523e-20,5.22873324025299e-19,2.32599046322853,4.55543021545539e-19,2.24795987899081e-17,100,Wilmink,1,509,Primiparous,Group2
1141_4,276,0.885446346591447,1.34545748159736,8.75889019543527,1.0762112872859,1.3528299065469,1.08803778494838,2.04137300503417,0.93971172450655,0.998181007521277,0.941424167987407,4.26656082001322e-20,4.20153574489776e-18,1.81025583478632,2.35688278862354e-18,2.32096240993125e-16,100,Wilmink,4,315,Multiparous,Group1
1313_5,327,0.930138814657684,1.32767758568058,8.56351566144363,1.06650797138883,1.33381007829399,1.07638304519799,2.00660387420591,0.96403513870968,0.999353055091304,0.964659220080738,3.15544362088405e-30,5.04543291096891e-18,1.76272777151862,1.79009128458081e-28,2.86228707148703e-16,99.9999999999998,Wilmink,5,365,Multiparous,Group1
1404_1,298,0.56057029521949,1.30189934893339,8.00417228919934,1.00996850449515,1.30850243109875,1.02023937064256,1.95094110200759,0.72084274491346,0.960245400438892,0.750685964841894,2.83856252326324e-20,6.13830181504611e-17,1.69494191475318,1.67472554578756e-18,3.62154110510623e-15,100,Wilmink,1,339,Primiparous,Group1
1450_6,359,0.926747290023951,1.40843426803083,7.77296553221988,1.10039790355906,1.41435623220704,1.10967091960029,2.0679434048852,0.96220157726861,0.999285384298303,0.962889673348186,0,5.25635633863491e-18,1.98368708736354,0,2.6497910744688e-16,100,Wilmink,6,405,Multiparous,Group2
1517_1,289,0.879706881666757,1.34884687429934,3.73806595558152,1.0664986518286,1.35590279100936,1.077685700624,2.14452201634448,0.936476965724434,0.997980372407256,0.938372127966337,3.58947805193385e-19,1.56400275146424e-16,1.8193878903071,1.9729042229296e-17,8.5963128577285e-15,100,Wilmink,1,325,Primiparous,Group1
1581_2,341,0.977281008178237,1.64605052357522,3.34448252651145,1.32266890810853,1.65333934383172,1.3344085729734,1.08157705716313,0.9885783435977,0.999934770757183,0.98864283202105,4.91550644368262e-19,4.04121830531353e-18,2.70948232616221,1.81418656848927e-17,1.49150938033154e-16,99.9999999999986,Wilmink,2,390,Multiparous,Group1
1687_1,358,0.946171748434218,1.37984882142331,3.89665779721139,1.09084024283875,1.38566690269437,1.10005861108809,1.63367917584722,0.972500679807984,0.999621822191296,0.972868597122201,0,1.71456013738935e-18,1.90398276998329,0,9.00512422916718e-17,99.9999999999995,Wilmink,1,406,Primiparous,Group2
1776_4,288,0.788172262336838,1.45503573192811,7.04270421894404,1.1605102939504,1.46267376725317,1.17272619178145,1.95394587826119,0.882477742402801,0.993085968417981,0.888621700907341,9.61028771437132e-07,1.81363249833245e-07,2.11712783879554,4.5393019507865e-05,8.56647145472982e-06,99.9999460405089,Wilmink,4,322,Multiparous,Group1
1876_4,336,0.952476562847627,1.36761869081773,6.15399023861159,1.09021854539533,1.37376532264557,1.10004033409259,2.08098574904877,0.975808748517189,0.999707348854944,0.976094403662104,1.79858645685926e-20,1.40880601629382e-19,1.87038088347399,9.61615076774423e-19,7.53218784869712e-18,99.9999999999998,Wilmink,4,380,Multiparous,Group1
1970_3,365,0.959940191439392,1.462518587996,7.08478890541411,1.16964474412412,1.46856624406909,1.17933793261133,1.82256201016559,0.979675284863429,0.999793431640639,0.979877696591588,0,2.64578200886439e-19,2.13896062023383,0,1.23694750797944e-17,100,Wilmink,3,411,Multiparous,Group2
1002_1,351,0.972456964880582,1.55265608535837,3.4313554609789,1.23200966091344,1.55933420686701,1.24263043385235,1.77731116398345,0.986117080462021,0.999903627626749,0.986212124064946,6.6515348441297e-20,1.8005786083366e-18,2.41074091940037,2.75912471166088e-18,7.46898430207276e-17,99.9999999999991,Wilmink,1,400,Primiparous,Group2
1077_3,385,0.980464519289652,1.71809908841125,3.67778419425718,1.38927705439541,1.72483235688597,1.40018760717862,1.31915175376732,0.990187789338274,0.999951859090953,0.990235460173497,1.36996392763821e-17,1.99274668640885e-16,2.95186447759957,4.64101227557796e-16,6.75080682575693e-15,100,Wilmink,3,438,Multiparous,Group2
1152_5,368,0.919924151239857,1.51087277369179,10.1949356695571,1.21554678347387,1.51706913369365,1.22553757895447,1.81292172255817,0.95852889771866,0.999139703823653,0.959354226491472,4.06230526884369e-19,2.7551100196865e-17,2.28273653828312,1.77957692476372e-17,1.20693298305841e-15,99.9999999999994,Wilmink,5,419,Multiparous,Group2
1316_3,395,0.953179549021435,1.78275001026312,11.0261185807629,1.42096556183812,1.78955875564413,1.43184029828076,1.26169446202581,0.976153182573911,0.999715624215032,0.976430855865015,4.8915241517841e-19,3.02770559120075e-20,3.17819759909319,1.5390874856805e-17,9.52648630804028e-19,100.000000000001,Wilmink,3,443,Multiparous,Group2
1407_1,311,0.923642021048599,1.45218036715931,2.77673299515319,1.14312896258539,1.45923553597944,1.15426333559758,1.73009493991396,0.960571705967497,0.999222402468101,0.961319225424555,5.04870979341448e-29,5.66245634864344e-18,2.10882781876296,2.39408345645595e-27,2.68512028258668e-16,100,Wilmink,1,347,Primiparous,Group1
1456_1,339,0.956618496206427,1.36510964067421,2.57892764216288,1.10072812315115,1.37119033732025,1.11055605282214,1.9498340333719,0.977962412366049,0.999757142867451,0.978199975207088,4.0901737124303e-20,6.27217628161065e-18,1.86352433106166,2.19485930194435e-18,3.3657603375843e-16,100,Wilmink,1,384,Primiparous,Group1
1523_1,321,0.0668717057606334,1.51987466061354,30.8315564694591,1.21812512183405,1.52702705146288,1.22961686826644,1.90032765345265,0.135552352172213,0.502722854567218,0.269636343247029,3.86541843558296e-29,6.20902040398998e-17,2.31001898397512,1.67332756241305e-27,2.68786553143619e-15,100,Wilmink,1,358,Primiparous,Group1
1603_3,314,0.963006202313287,1.37442806937834,4.41627391562313,1.07940259330434,1.38104123379801,1.08981483696966,2.15277602740782,0.981277191171871,0.999824712852904,0.981449226606823,2.01948391736579e-28,1.19549270179587e-19,1.88905251789507,1.0690459361162e-26,6.32853078710582e-18,100.000000000001,Wilmink,3,357,Multiparous,Group1
1703_1,441,0.940452513229582,1.30084624987047,2.91871392406143,1.03406622675492,1.30529360045013,1.04114887214365,1.751093052303,0.969456325936221,0.99953343314883,0.969908853255806,2.01948391736579e-28,4.42404054811342e-19,1.69220096580206,1.19340666869824e-26,2.61437065544784e-17,99.9999999999995,Wilmink,1,499,Primiparous,Group2
1789_2,304,0.969767184973741,1.59175768713517,3.14441669573364,1.24195821331074,1.59967036731564,1.25433653437364,1.61828994108288,0.984754433733454,0.999883779596381,0.984868895594012,4.86935506462796e-20,7.7974932963897e-18,2.53369253455393,1.92184134350195e-18,3.07752151851469e-16,100,Wilmink,2,347,Multiparous,Group1
1877_5,365,0.855466229533194,1.71089806435741,21.7097294036539,1.40902978749835,1.71797279363214,1.42070682993618,1.28303446486355,0.922564942230858,0.996997397995861,0.925343380118519,4.21949466208274e-18,4.05093027864228e-17,2.92717218662194,1.4414917856104e-16,1.38390570160384e-15,100,Wilmink,5,412,Multiparous,Group2
1971_3,431,0.935646154960203,1.62394080848713,8.0092583902116,1.29307026749529,1.62962225141081,1.30213384413661,1.54031668731548,0.96691305323046,0.999452477057452,0.967442750331869,1.59464947836261e-18,3.07871273182046e-17,2.63718374946983,6.04678941572877e-17,1.16742442859334e-15,99.9999999999996,Wilmink,3,482,Multiparous,Group2
1024_1,346,0.829676788645477,1.38049873319191,9.96373566489069,1.09680046333519,1.38652275627806,1.10639347030313,1.95428573885562,0.907500330592161,0.995712715139091,0.911407795435647,4.7786547491157e-19,1.6149956182671e-18,1.90577675234446,2.50745778236462e-17,8.47421197829364e-17,99.9999999999998,Wilmink,1,393,Primiparous,Group1
1104_6,330,0.925174216058567,1.44494123500858,7.7449825279298,1.1534513825849,1.45155427292243,1.16403350536091,1.99666079925816,0.961378379374716,0.999253906885219,0.962096192719861,7.54480355886555e-20,1.22450287324483e-19,2.0878551726281,3.61366231613108e-18,5.86488416101906e-18,99.9999999999997,Wilmink,6,370,Multiparous,Group1
1181_3,316,0.969253481461802,1.71308674112733,5.19036818169571,1.38233861198773,1.72127684394872,1.39558786385982,1.3655035320456,0.984487383400722,0.999879672119636,0.984605858936722,3.54018188557007e-19,6.66738650066691e-18,2.93466618262626,1.20633205457185e-17,2.27194034542634e-16,100,Wilmink,3,357,Multiparous,Group1
1346_2,308,0.942802607450546,1.5839997906846,4.07951183208989,1.23889047324415,1.59177089108662,1.2510762811777,1.80710732320009,0.970756743793758,0.999572324544111,0.971172090260207,2.3355031812922e-20,1.01725377179976e-17,2.50905533688884,9.30829681974315e-19,4.05432975847048e-16,99.9999999999999,Wilmink,2,347,Multiparous,Group1
1414_2,313,0.835528037847503,1.46674476509558,17.2395890560095,1.14561886781126,1.47382482923957,1.15670550201589,2.13383629785595,0.91102078535851,0.996033483049172,0.914648755149865,5.0856579720621e-19,1.89113216368011e-20,2.1513402059353,2.36394874136194e-17,8.79048398975993e-19,100,Wilmink,2,355,Multiparous,Group1
1459_1,393,0.964057368671729,1.57242091519875,5.64152104029722,1.25741346320493,1.57845710213544,1.26708587446035,1.77094451599031,0.981794873901689,0.999834272971938,0.981957610818213,1.41518725011215e-19,3.41382083033074e-17,2.47250753455445,5.72369236628901e-18,1.38071200294477e-15,99.9999999999994,Wilmink,1,440,Primiparous,Group2
1525_4,411,0.685624710984805,1.34669981001748,21.104912059731,1.09276991097531,1.35164184427694,1.10080498385013,2.2103631914002,0.814574743799957,0.982658371408898,0.828950088352732,8.99195603125796e-19,1.25806074784653e-17,1.8136003783011,4.95806911977004e-17,6.93681343971167e-16,100,Wilmink,4,460,Multiparous,Group2
1607_2,358,0.948454961453766,1.35820998891818,7.83677430908987,1.08582896194738,1.36393683085622,1.09500498134412,2.08662593678536,0.973697787936128,0.999654036975241,0.974034767950669,2.63108670307063e-20,1.58044937590792e-21,1.84473437399712,1.42626859463222e-18,8.56735472697588e-20,99.9999999999997,Wilmink,2,404,Multiparous,Group2
1705_3,334,0.980118957161228,2.13317794192138,5.65882592663449,1.75965489254473,2.14282310614134,1.77560342631402,0.815362590903477,0.990020576534186,0.999950204308894,0.990069877747992,3.25204688635322e-18,5.65570085035546e-17,4.55044813189996,7.14665191666605e-17,1.24288876313244e-15,100,Wilmink,3,378,Multiparous,Group1
1797_2,367,0.932297432331387,1.42917250020875,5.39952895267214,1.153050263494,1.43504986222531,1.16255342500632,1.81498389581429,0.965160788378922,0.999392930415201,0.965747064048115,1.87212617575594e-20,5.72840251670027e-18,2.04253403535293,9.16570369625424e-19,2.80455670140667e-16,100,Wilmink,2,418,Multiparous,Group2
1898_4,312,0.928311223900566,1.33647737332585,4.82314421515174,1.05412288133284,1.3429494565699,1.06435708406422,1.99666474512175,0.963070935301677,0.999317889457259,0.96372830453854,1.13595970351826e-28,3.56782129172322e-19,1.78617176941197,6.35974503108531e-27,1.99746819025015e-17,100,Wilmink,4,355,Multiparous,Group1
1975_1,376,0.942236571576399,1.4484919801758,3.58361413532672,1.16228188478261,1.45430534927813,1.17162999645646,2.01938036715064,0.970422632503753,0.999562493968318,0.970847384090135,4.2344855454599e-19,2.73137391089991e-18,2.09812901663361,2.01821981007345e-17,1.30181408733497e-16,99.9999999999998,Wilmink,1,427,Primiparous,Group2
1025_4,376,0.951126686522064,1.33820553611379,5.44509907715193,1.07732640763813,1.34357628225714,1.08599123129205,1.97602106873969,0.975088156663202,0.999689651871819,0.975390867393142,7.63943507955304e-21,5.72824095905658e-20,1.79079405688559,4.26594842113724e-19,3.19871564071342e-18,99.9999999999999,Wilmink,4,426,Multiparous,Group2
1112_1,323,0.937137939467035,1.37396562775614,3.82812885617955,1.08104082859347,1.38039106714419,1.09117558636153,2.12151574128817,0.96775705932061,0.999480061273603,0.968260495449435,8.07793566946316e-28,8.35007495939076e-17,1.88778154625533,4.27906273662163e-26,4.42322098971369e-15,99.9999999999996,Wilmink,1,365,Primiparous,Group1
1183_4,311,0.96439852164825,1.37286713633369,3.94222353536581,1.06806095522606,1.37953697544836,1.07846414634839,1.94243883908959,0.981995681813544,0.999837909131087,0.982154880151475,1.00800974635277e-22,3.31707060128946e-18,1.88476417402507,5.3482009062178e-21,1.7599393319354e-16,99.9999999999996,Wilmink,4,357,Multiparous,Group1
1369_1,316,0.858787455406127,1.3169506667842,4.8440733236666,1.05649466709189,1.32324688116303,1.06662081406082,1.93202789824777,0.924548496478057,0.997149472495313,0.927191481297607,7.60444797506856e-22,7.67821633940504e-18,1.73435905874336,4.38458688051504e-20,4.42712038242435e-16,100,Wilmink,1,357,Primiparous,Group1
1416_3,308,0.884850332159316,1.37359794331035,7.79092063778532,1.08771278643604,1.38033681259067,1.09841160072885,1.8952999451164,0.939329933623153,0.998157874850683,0.941063490345822,3.26734290276382e-19,7.30456723053114e-18,1.88677130986641,1.73171114362299e-17,3.87146401491992e-16,99.9999999999999,Wilmink,3,352,Multiparous,Group1
1495_1,361,0.863332258692058,1.4008624966204,5.06482487078698,1.12248750780812,1.40671978696107,1.13189382770596,2.08233483625311,0.927091307370372,0.997338619865734,0.929565233817157,1.26217744835362e-29,1.27482031226607e-17,1.96241573443753,6.43175360961619e-28,6.49617861238492e-16,100,Wilmink,1,410,Primiparous,Group2
1528_3,351,0.982676345381013,1.41398129182805,3.26683520271286,1.119248931098,1.42006295985924,1.12889762877988,1.78420894935641,0.991312852255307,0.999962266022023,0.991350259844179,7.18329621613445e-20,5.66035149635408e-18,1.99934309363968,3.59282818390994e-18,2.83110563382579e-16,99.9999999999983,Wilmink,3,398,Multiparous,Group1
1642_1,331,0.925283577639117,1.49696275924989,6.15511523565198,1.19876012398507,1.50379304304953,1.20972439341177,1.80811948910791,0.96143626128239,0.999256142375757,0.962151965357502,5.96523995889605e-20,1.94340074749103e-18,2.24089750258104,2.66198697264171e-18,8.67242140817531e-17,100,Wilmink,1,374,Primiparous,Group1
1719_5,377,0.955658877915082,2.02529561668144,14.6711294550351,1.66568601712655,2.03340223594444,1.67904713491099,0.897754162034545,0.977450082420941,0.99974571827192,0.977698693334224,3.15544362088405e-30,9.14664251265173e-18,4.10182233494906,7.69278472643365e-29,2.22989729094772e-16,100,Wilmink,5,431,Multiparous,Group2
1807_2,345,0.92612842299688,1.37150351824451,6.06654760433837,1.0676234036703,1.37750575050241,1.07698852124635,1.74533589080065,0.9618791157411,0.999273134939108,0.962578780625092,1.43344230632072e-24,3.38908240414789e-18,1.88102190055706,7.62055086065827e-23,1.80172405390081e-16,99.9999999999998,Wilmink,2,392,Multiparous,Group1
1917_1,358,0.917418597574379,1.40787735227473,6.16280541833295,1.1205700680931,1.4138136148044,1.13003967430234,2.09467548732971,0.957182561765919,0.999082912991526,0.958061187234055,3.23654832767115e-19,7.77625785994124e-18,1.98211863904812,1.63287316102605e-17,3.92320505278921e-16,100,Wilmink,1,408,Primiparous,Group2
1978_2,281,0.969347034941114,1.57438060436205,5.55944050722721,1.23468879198977,1.58285266878137,1.24801277175944,1.8534227098091,0.984547856958757,0.99988060850235,0.984665417637653,1.84795400213453e-25,2.29513963749047e-17,2.47867428739145,7.45541280488024e-24,9.2595451091152e-16,100.000000000001,Wilmink,2,316,Multiparous,Group1
1035_2,345,0.955799766859208,1.79590240100811,7.36376214086524,1.46013952217347,1.80376196766615,1.47294776359605,1.21051110746983,0.977534774922828,0.999747624985521,0.977781542553787,9.02221726865499e-21,1.39483928760942e-19,3.22526543394671,2.79735651326367e-19,4.32472711525816e-18,100,Wilmink,2,392,Multiparous,Group1
1117_1,376,0.952817258066267,1.61306324410057,5.37873095045414,1.298385296794,1.6195371025352,1.30882807398001,1.59627006193258,0.975970586262433,0.999711251951434,0.97625247726015,8.6714806338757e-20,1.98480214623573e-19,2.60197302946827,3.33265584833821e-18,7.62806579375398e-18,100,Wilmink,1,421,Primiparous,Group2
1206_3,330,0.729160150764551,1.34932286916063,11.4573811955246,1.06629788751393,1.35549829212981,1.07608043694066,1.87940972803864,0.844469389665294,0.987831073531314,0.854872267427741,4.04774867702203e-22,2.45240515591819e-17,1.82067220523987,2.22321660394039e-20,1.34697786282462e-15,100,Wilmink,3,371,Multiparous,Group1
1375_2,380,0.959245943367767,1.82334133761478,6.91867592225157,1.48566327256333,1.83058163613625,1.49748552672166,1.30720315068574,0.979311149562916,0.999785962823255,0.979520803430246,0,4.02919309081258e-18,3.32457363345484,0,1.21194280381316e-16,100,Wilmink,2,425,Multiparous,Group2
1422_1,448,0.973465547330518,1.68011226441289,7.70667555534741,1.36095891107618,1.68576605133217,1.37013391497107,1.30807939362217,0.986615352232262,0.999910421587947,0.986703739586421,1.41639407678799e-20,2.3240395683271e-18,2.8227772210306,5.01773241698068e-19,8.23316679407873e-17,100,Wilmink,1,504,Primiparous,Group2
1509_1,307,0.949981088375212,1.32049384625716,8.07315303146064,1.06347413429391,1.32699344506537,1.0739689448297,2.11568742424051,0.974520952374378,0.999675356358276,0.974837427146816,1.02520363242523e-20,6.57150760913235e-18,1.74370399800301,5.87945909167693e-19,3.76870593670622e-16,99.9999999999993,Wilmink,1,349,Primiparous,Group1
1529_3,376,0.965755257361647,1.60766072442694,7.40140430276029,1.31681959062209,1.61411290042122,1.32741063290591,1.24288682421089,0.982673865703221,0.999849891271859,0.982821395772931,1.37147918810356e-21,2.28935025975888e-18,2.58457300486495,5.30640529604705e-20,8.85775041157528e-17,100,Wilmink,3,421,Multiparous,Group2
1665_5,428,0.967728615856623,1.92057362156118,5.87513826115147,1.56700108767232,1.92734019667952,1.5780622718206,1.26813837853278,0.983677747696426,0.999866783172705,0.983808807584438,4.0927607470591e-20,1.65589387154195e-17,3.68860303583667,1.10956931588893e-18,4.48921679956912e-16,100.000000000001,Wilmink,5,484,Multiparous,Group2
1722_3,358,0.8860851137134,1.39799039535876,7.19137002308831,1.10336882585725,1.40388496990205,1.11269306945604,1.92351023244241,0.939961144134938,0.998196040676646,0.941659860219208,8.2721292461125e-19,3.22528864018454e-17,1.95437714551535,4.23261664980801e-17,1.6502897854621e-15,100,Wilmink,3,408,Multiparous,Group2
1836_1,317,0.976071252019972,1.81401792297754,3.90495392326167,1.46312337141393,1.8226630136773,1.47710225712807,1.20080058444499,0.987968309335422,0.999927616590089,0.98803982702723,3.50277264034787e-20,1.11129329307805e-20,3.29066102488376,1.06445866464524e-18,3.37711263686698e-19,100.000000000001,Wilmink,1,361,Primiparous,Group1
1925_2,315,0.966556934013371,1.87170255875609,6.3410570388819,1.53982009982081,1.88067960094749,1.55462606231908,1.38589809125182,0.98310425025998,0.999857256634489,0.983244601903576,3.78996820463858e-18,1.42192144654014e-18,3.50327046845407,1.08183716865886e-16,4.05884004487841e-17,99.9999999999995,Wilmink,2,351,Multiparous,Group1
1039_7,391,0.956001192635622,1.9822264786172,10.4394711679159,1.64342299556713,1.98987496932744,1.65612987439883,0.926344591049256,0.977623672351809,0.999749618638904,0.977868512400917,2.58149596304441e-19,2.62625399917344e-18,3.92922181253113,6.5699929558862e-18,6.68390364422221e-17,99.9999999999992,Wilmink,7,442,Multiparous,Group2
1135_6,315,0.967341705450593,1.50156860734014,3.69468826495616,1.21496414461352,1.50877041655834,1.22664649215788,1.89485973062236,0.983507263071843,0.999863985568581,0.983641052450312,3.17237946235025e-20,4.58252070135898e-18,2.25470828254941,1.40700217713451e-18,2.03242288007985e-16,100,Wilmink,6,359,Multiparous,Group1
1215_8,311,0.925987631615351,1.4231126415818,8.11395219570011,1.09301348486423,1.43002658985123,1.10365972010641,2.02016652473439,0.961829120062809,0.999271226419464,0.962530586925018,8.20730885791941e-23,2.96710847937028e-18,2.02524959062994,4.05249254012518e-21,1.46505818003764e-16,99.9999999999997,Wilmink,8,356,Multiparous,Group1
1376_7,338,0.947452178270319,1.56337309287031,5.00127046344487,1.22469985740067,1.57035766864073,1.23566731881022,1.82374349828151,0.973181574184191,0.999640321307034,0.973531732805408,3.06813281340754e-18,4.73418753637668e-17,2.44413542751089,1.2553039323734e-16,1.93695794557423e-15,100,Wilmink,7,385,Multiparous,Group1
1428_3,316,0.941997158583749,1.4345084547107,7.34271902530505,1.13933832246036,1.44136670155843,1.15025849807499,1.71241764972334,0.970327638406019,0.9995596785388,0.970755082702502,2.308402162641e-19,1.00859147990764e-19,2.05781450663647,1.12177368523566e-17,4.90127500148785e-18,99.9999999999996,Wilmink,3,362,Multiparous,Group1
1512_1,345,0.833004397151752,1.39024222705322,4.77159733264293,1.12332887217341,1.39632646718131,1.13318263421002,1.75272022866535,0.909472773009116,0.995893980746232,0.913222482103608,3.6181422350719e-21,2.9445351826051e-17,1.9327734498819,1.87199500039333e-19,1.52347663032365e-15,100,Wilmink,1,388,Primiparous,Group1
1530_1,289,0.891470523365885,1.41048744697632,4.39703143749602,1.1450692108945,1.41786581003296,1.1570804263934,1.91169454233814,0.943042796033005,0.99837662077068,0.944576201418898,2.1300082526793e-20,3.11753519427079e-19,1.98947483807778,1.07063844785155e-18,1.56701413589274e-17,100,Wilmink,1,330,Primiparous,Group1
1669_2,303,0.970830818523849,1.69394796654626,4.49437712823413,1.32187965241186,1.70239663724406,1.33509844893598,1.34885513556803,0.985299007920163,0.999891934574146,0.985405496184748,9.82350693618414e-21,3.39230429399219e-18,2.8694597133662,3.42346919541172e-19,1.18221011369859e-16,99.9999999999997,Wilmink,2,344,Multiparous,Group1
1738_3,368,0.972455770442388,2.05710116725401,5.64289152440195,1.67778616064055,2.06553770778509,1.6915761838787,0.932861590336747,0.986112722701523,0.999903567101978,0.986207825580195,1.04110126743315e-17,1.35132191259045e-16,4.23166521231787,2.46026378552499e-16,3.19335733048287e-15,100.000000000001,Wilmink,3,414,Multiparous,Group2
1854_3,359,0.904179245550957,1.34310634106851,7.42347354316278,1.07908425177095,1.34875362459262,1.088177658387,2.0950248698055,0.94997389888566,0.998747910712461,0.951164842195256,1.90169986048677e-20,5.69177465666168e-18,1.80393464341844,1.05419554274043e-18,3.15520003866427e-16,100,Wilmink,3,404,Multiparous,Group2
1950_3,363,0.902797189066028,1.46456627527315,5.29230133230861,1.16587483576345,1.47065597420211,1.17559045939481,1.9406095397161,0.949212399112565,0.998709477099195,0.950438962359307,1.26217744835362e-29,5.75208680569883e-18,2.14495437466746,5.88440231298299e-28,2.68168259130947e-16,100,Wilmink,3,412,Multiparous,Group2
1048_1,398,0.947959703925097,1.39272021530514,4.65851045262121,1.12398945572942,1.39799902215753,1.13252608450711,1.82330261596454,0.973422879029875,0.999646765921326,0.973766846664801,3.66573898451464e-21,7.62579104524194e-18,1.9396695981196,1.88987804318239e-19,3.93148969939763e-16,100,Wilmink,1,445,Primiparous,Group2
1138_5,507,0.959076304955443,3.17483590432843,11.3139824261199,2.03917115734342,3.18427080151573,2.05130908089903,0.357375428207854,0.979177634294106,0.99976461129968,0.979408175911717,0.000399675043616009,0.000173110764031197,10.0790102336052,0.0039651942232754,0.00171743973632433,99.99431736604,Wilmink,5,578,Multiparous,Group2
1300_2,354,0.959755394176231,1.80275722148419,6.02014348850403,1.46046205328256,1.81044492041777,1.47294463493455,1.14900171948335,0.979583199082153,0.999791555394177,0.979787430486891,4.12949827078339e-20,3.74852000598941e-19,3.24993359961342,1.2706408128691e-18,1.153414336353e-17,100,Wilmink,2,396,Multiparous,Group1
1389_5,339,0.918544624354385,1.4060282701837,7.13923261642003,1.11999614946012,1.41229123334212,1.1299961150803,1.92302593025346,0.957804966929896,0.999109392976935,0.958658755149955,3.40007582974678e-20,8.40537088895209e-18,1.97691549655577,1.7198893102262e-18,4.25176033249582e-16,100,Wilmink,5,383,Multiparous,Group1
1429_2,294,0.918732519545856,1.4018430783674,5.95577936047143,1.12047079543823,1.40905054530195,1.13202204075203,2.09598706138294,0.957946496111359,0.999115360083453,0.958794684160741,5.14407164152801e-21,1.08129363781567e-17,1.96516401636658,2.61762967298727e-19,5.5023073331807e-16,99.9999999999998,Wilmink,2,333,Multiparous,Group1
1514_3,403,0.759633159118619,1.46340966533614,33.2715176943521,1.18300861470022,1.46888720038801,1.19188117931048,1.92028611607777,0.864171373714672,0.990732347362879,0.872255131282343,5.91045453109166e-19,3.58425431882095e-18,2.14156784859924,2.75987264889019e-17,1.67365900695854e-16,100,Wilmink,3,454,Multiparous,Group2
1560_1,352,0.765402236643392,1.32493981214641,4.36559282466882,1.07582883436136,1.33062221053857,1.08507664669111,1.89504883639165,0.867970861761529,0.991245835326152,0.87563632635686,0,4.01490344592327e-17,1.75546550581057,0,2.28708763153363e-15,100,Wilmink,1,401,Primiparous,Group2
1670_2,291,0.924256949066803,1.41014910616552,4.70835478659323,1.12971052491624,1.41747460536146,1.14147834288412,1.88855914711332,0.960919839225929,0.999236078719938,0.961654467537747,0,1.44724193511895e-18,1.98852050161942,0,7.27798347535436e-17,100,Wilmink,2,326,Multiparous,Group1
1767_5,290,0.938558376909996,1.45377609279945,3.74373396808824,1.15112947471816,1.46135447304331,1.16316218699745,1.90797786892943,0.968531749186959,0.999504751948192,0.969011650318959,0,4.93773163491743e-18,2.11346492799524,0,2.33632059350102e-16,99.9999999999997,Wilmink,5,328,Multiparous,Group1
1856_7,317,0.809441808829856,1.27484181673232,10.8353086889,1.00890614581597,1.28091734828793,1.01854537650847,1.95284831278637,0.895422997900704,0.99451679265533,0.90035985768521,1.25233908945744e-19,1.15715555596434e-17,1.62522165768936,7.70565100170975e-18,7.11998606768205e-16,100,Wilmink,7,361,Multiparous,Group1
1966_2,328,0.980327832922108,1.90267601373321,5.94416756563319,1.56496951496612,1.91143742314223,1.57941538741196,1.13308235919498,0.990127563805668,0.999951266312552,0.990175818724536,5.64259841719177e-20,5.85851616175854e-18,3.6201760132356,1.55865305901203e-18,1.61829594482127e-16,99.9999999999977,Wilmink,2,373,Multiparous,Group1
